ISO-10303-21;
HEADER;
/* Generated by software containing ST-Developer
 * from STEP Tools, Inc. (www.steptools.com) 
 */
/* OPTION: using custom renumber hook */

FILE_DESCRIPTION(
/* description */ ('STEP AP242 Edition 2',
'CAx-IF Rec.Pracs.---Representation and Presentation of Product Manufa
cturing Information (PMI)---4.0---2014-10-13',
'CAx-IF Rec.Pracs.---3D Tessellated Geometry---0.4---2014-09-14','2;1',
'CAx-IF Rec.Pracs.---User Defined Attributes---1.5---2016-08-15'),
/* implementation_level */ '2;1');

FILE_NAME(
/* name */ 'Enclosure Bottom',
/* time_stamp */ '2026-06-28T14:55:08Z',
/* author */ (''),
/* organization */ (''),
/* preprocessor_version */ 'ST-DEVELOPER v20',
/* originating_system */ 'ONSHAPE BY PTC INC, 1.217',
/* authorisation */ '  ');

FILE_SCHEMA (('AP242_MANAGED_MODEL_BASED_3D_ENGINEERING_MIM_LF { 1 0 10303 442 3 1 4 }'));
ENDSEC;

DATA;
#10=SHAPE_REPRESENTATION_RELATIONSHIP('','',#1567,#11);
#11=ADVANCED_BREP_SHAPE_REPRESENTATION('',(#1565),#2825);
#12=B_SPLINE_CURVE_WITH_KNOTS('',3,(#2770,#2771,#2772,#2773),
 .UNSPECIFIED.,.F.,.F.,(4,4),(0.,0.000625141116861983),.UNSPECIFIED.);
#13=TOROIDAL_SURFACE('',#1685,0.0014,0.0005);
#14=TOROIDAL_SURFACE('',#1689,0.0014,0.0005);
#15=TOROIDAL_SURFACE('',#1715,0.00095,0.0005);
#16=TOROIDAL_SURFACE('',#1719,0.00095,0.0005);
#17=TOROIDAL_SURFACE('',#1724,0.00095,0.0005);
#18=TOROIDAL_SURFACE('',#1728,0.00095,0.0005);
#19=TOROIDAL_SURFACE('',#1757,0.00363394982489089,0.0004);
#20=TOROIDAL_SURFACE('',#1759,0.00363412033471239,0.0004);
#21=TOROIDAL_SURFACE('',#1761,0.0054,0.0004);
#22=TOROIDAL_SURFACE('',#1763,0.0054,0.0004);
#23=TOROIDAL_SURFACE('',#1765,0.00106828753594303,0.0004);
#24=TOROIDAL_SURFACE('',#1767,0.00106828753594303,0.0004);
#25=TOROIDAL_SURFACE('',#1769,0.0054,0.0004);
#26=TOROIDAL_SURFACE('',#1771,0.0054,0.0004);
#27=TOROIDAL_SURFACE('',#1773,0.00363394982489089,0.0004);
#28=TOROIDAL_SURFACE('',#1775,0.00363412033471239,0.0004);
#29=TOROIDAL_SURFACE('',#1781,0.00363396230306804,0.0004);
#30=TOROIDAL_SURFACE('',#1783,0.00363395800309006,0.0004);
#31=TOROIDAL_SURFACE('',#1785,0.0054,0.0004);
#32=TOROIDAL_SURFACE('',#1787,0.0054,0.0004);
#33=TOROIDAL_SURFACE('',#1789,0.00106828753594303,0.0004);
#34=TOROIDAL_SURFACE('',#1791,0.00106828753594303,0.0004);
#35=TOROIDAL_SURFACE('',#1793,0.0054,0.0004);
#36=TOROIDAL_SURFACE('',#1795,0.0054,0.0004);
#37=TOROIDAL_SURFACE('',#1797,0.00363396230306804,0.0004);
#38=TOROIDAL_SURFACE('',#1799,0.00363395800309006,0.0004);
#39=PLANE('',#1587);
#40=PLANE('',#1588);
#41=PLANE('',#1591);
#42=PLANE('',#1594);
#43=PLANE('',#1597);
#44=PLANE('',#1598);
#45=PLANE('',#1601);
#46=PLANE('',#1616);
#47=PLANE('',#1631);
#48=PLANE('',#1660);
#49=PLANE('',#1675);
#50=PLANE('',#1678);
#51=PLANE('',#1681);
#52=PLANE('',#1684);
#53=PLANE('',#1690);
#54=PLANE('',#1696);
#55=PLANE('',#1702);
#56=CIRCLE('',#1570,0.00403395800309005);
#57=CIRCLE('',#1571,0.00403395800309005);
#58=CIRCLE('',#1573,0.00403395800309005);
#59=CIRCLE('',#1574,0.00403395800309005);
#60=CIRCLE('',#1576,0.00403394982489089);
#61=CIRCLE('',#1577,0.00403394982489089);
#62=CIRCLE('',#1579,0.00403394982489089);
#63=CIRCLE('',#1580,0.00403394982489089);
#64=CIRCLE('',#1582,0.00403396230306804);
#65=CIRCLE('',#1583,0.00403396230306804);
#66=CIRCLE('',#1585,0.00403412033471238);
#67=CIRCLE('',#1586,0.00403412033471238);
#68=CIRCLE('',#1589,0.00095);
#69=CIRCLE('',#1590,0.00095);
#70=CIRCLE('',#1592,0.00095);
#71=CIRCLE('',#1593,0.00095);
#72=CIRCLE('',#1595,0.0014);
#73=CIRCLE('',#1596,0.0014);
#74=CIRCLE('',#1599,0.00095);
#75=CIRCLE('',#1600,0.00095);
#76=CIRCLE('',#1602,0.00095);
#77=CIRCLE('',#1603,0.00095);
#78=CIRCLE('',#1605,0.00403396230306804);
#79=CIRCLE('',#1606,0.00403396230306804);
#80=CIRCLE('',#1608,0.00303395800309005);
#81=CIRCLE('',#1609,0.00303395800309005);
#82=CIRCLE('',#1611,0.00303396230306804);
#83=CIRCLE('',#1612,0.00303396230306804);
#84=CIRCLE('',#1614,0.00303394982489089);
#85=CIRCLE('',#1615,0.00303394982489089);
#86=CIRCLE('',#1617,0.0014);
#87=CIRCLE('',#1618,0.0014);
#88=CIRCLE('',#1620,0.00403412033471238);
#89=CIRCLE('',#1621,0.00403412033471238);
#90=CIRCLE('',#1623,0.00303412033471233);
#91=CIRCLE('',#1624,0.00303412033471233);
#92=CIRCLE('',#1626,0.0005);
#93=CIRCLE('',#1627,0.0005);
#94=CIRCLE('',#1629,0.0005);
#95=CIRCLE('',#1630,0.0005);
#96=CIRCLE('',#1632,0.000675);
#97=CIRCLE('',#1633,0.000675);
#98=CIRCLE('',#1634,0.000675);
#99=CIRCLE('',#1635,0.000675);
#100=CIRCLE('',#1636,0.00363396230306804);
#101=CIRCLE('',#1637,0.00363395800309006);
#102=CIRCLE('',#1638,0.0054);
#103=CIRCLE('',#1639,0.00106828753594303);
#104=CIRCLE('',#1640,0.0054);
#105=CIRCLE('',#1641,0.00363395800309006);
#106=CIRCLE('',#1642,0.00363412033471239);
#107=CIRCLE('',#1643,0.0054);
#108=CIRCLE('',#1644,0.00106828753594303);
#109=CIRCLE('',#1645,0.0054);
#110=CIRCLE('',#1646,0.00363412033471239);
#111=CIRCLE('',#1647,0.00363394982489089);
#112=CIRCLE('',#1648,0.0054);
#113=CIRCLE('',#1649,0.00106828753594303);
#114=CIRCLE('',#1650,0.0054);
#115=CIRCLE('',#1651,0.00363394982489089);
#116=CIRCLE('',#1652,0.00363396230306804);
#117=CIRCLE('',#1653,0.0054);
#118=CIRCLE('',#1654,0.00106828753594303);
#119=CIRCLE('',#1655,0.0054);
#120=CIRCLE('',#1656,0.0011);
#121=CIRCLE('',#1657,0.0011);
#122=CIRCLE('',#1658,0.0011);
#123=CIRCLE('',#1659,0.0011);
#124=CIRCLE('',#1661,0.00165);
#125=CIRCLE('',#1662,0.00165);
#126=CIRCLE('',#1663,0.00165);
#127=CIRCLE('',#1664,0.00165);
#128=CIRCLE('',#1666,0.0011);
#129=CIRCLE('',#1668,0.0011);
#130=CIRCLE('',#1670,0.0011);
#131=CIRCLE('',#1672,0.0011);
#132=CIRCLE('',#1674,0.00165);
#133=CIRCLE('',#1677,0.00165);
#134=CIRCLE('',#1680,0.00165);
#135=CIRCLE('',#1683,0.00165);
#136=CIRCLE('',#1686,0.0005);
#137=CIRCLE('',#1688,0.0005);
#138=CIRCLE('',#1691,0.000675);
#139=CIRCLE('',#1692,0.005);
#140=CIRCLE('',#1693,0.00146828753594303);
#141=CIRCLE('',#1694,0.005);
#142=CIRCLE('',#1695,0.0005);
#143=CIRCLE('',#1697,0.000675);
#144=CIRCLE('',#1698,0.005);
#145=CIRCLE('',#1699,0.00146828753594303);
#146=CIRCLE('',#1700,0.005);
#147=CIRCLE('',#1701,0.0005);
#148=CIRCLE('',#1703,0.000675);
#149=CIRCLE('',#1704,0.000675);
#150=CIRCLE('',#1705,0.005);
#151=CIRCLE('',#1706,0.00146828753594303);
#152=CIRCLE('',#1707,0.005);
#153=CIRCLE('',#1708,0.005);
#154=CIRCLE('',#1709,0.00146828753594303);
#155=CIRCLE('',#1710,0.005);
#156=CIRCLE('',#1711,0.0005);
#157=CIRCLE('',#1712,0.0005);
#158=CIRCLE('',#1714,0.0005);
#159=CIRCLE('',#1716,0.0005);
#160=CIRCLE('',#1718,0.0005);
#161=CIRCLE('',#1720,0.0005);
#162=CIRCLE('',#1723,0.0005);
#163=CIRCLE('',#1725,0.0005);
#164=CIRCLE('',#1727,0.0005);
#165=CIRCLE('',#1729,0.0005);
#166=CIRCLE('',#1732,0.00146828753594303);
#167=CIRCLE('',#1734,0.00146828753594303);
#168=CIRCLE('',#1736,0.00146828753594303);
#169=CIRCLE('',#1738,0.00146828753594303);
#170=CIRCLE('',#1740,0.005);
#171=CIRCLE('',#1742,0.005);
#172=CIRCLE('',#1744,0.005);
#173=CIRCLE('',#1746,0.005);
#174=CIRCLE('',#1748,0.005);
#175=CIRCLE('',#1750,0.005);
#176=CIRCLE('',#1752,0.005);
#177=CIRCLE('',#1754,0.005);
#178=CIRCLE('',#1756,0.0004);
#179=CIRCLE('',#1758,0.0004);
#180=CIRCLE('',#1760,0.0004);
#181=CIRCLE('',#1762,0.0004);
#182=CIRCLE('',#1764,0.0004);
#183=CIRCLE('',#1766,0.0004);
#184=CIRCLE('',#1768,0.0004);
#185=CIRCLE('',#1770,0.0004);
#186=CIRCLE('',#1772,0.0004);
#187=CIRCLE('',#1774,0.0004);
#188=CIRCLE('',#1776,0.0004);
#189=CIRCLE('',#1778,0.0004);
#190=CIRCLE('',#1780,0.0004);
#191=CIRCLE('',#1782,0.0004);
#192=CIRCLE('',#1784,0.0004);
#193=CIRCLE('',#1786,0.0004);
#194=CIRCLE('',#1788,0.0004);
#195=CIRCLE('',#1790,0.0004);
#196=CIRCLE('',#1792,0.0004);
#197=CIRCLE('',#1794,0.0004);
#198=CIRCLE('',#1796,0.0004);
#199=CIRCLE('',#1798,0.0004);
#200=CIRCLE('',#1800,0.0004);
#201=ORIENTED_EDGE('',*,*,#645,.T.);
#202=ORIENTED_EDGE('',*,*,#646,.T.);
#203=ORIENTED_EDGE('',*,*,#647,.F.);
#204=ORIENTED_EDGE('',*,*,#648,.T.);
#205=ORIENTED_EDGE('',*,*,#649,.T.);
#206=ORIENTED_EDGE('',*,*,#650,.T.);
#207=ORIENTED_EDGE('',*,*,#651,.T.);
#208=ORIENTED_EDGE('',*,*,#652,.T.);
#209=ORIENTED_EDGE('',*,*,#653,.T.);
#210=ORIENTED_EDGE('',*,*,#654,.T.);
#211=ORIENTED_EDGE('',*,*,#655,.F.);
#212=ORIENTED_EDGE('',*,*,#656,.T.);
#213=ORIENTED_EDGE('',*,*,#657,.T.);
#214=ORIENTED_EDGE('',*,*,#658,.T.);
#215=ORIENTED_EDGE('',*,*,#659,.T.);
#216=ORIENTED_EDGE('',*,*,#660,.T.);
#217=ORIENTED_EDGE('',*,*,#661,.T.);
#218=ORIENTED_EDGE('',*,*,#662,.T.);
#219=ORIENTED_EDGE('',*,*,#663,.F.);
#220=ORIENTED_EDGE('',*,*,#664,.T.);
#221=ORIENTED_EDGE('',*,*,#665,.T.);
#222=ORIENTED_EDGE('',*,*,#666,.T.);
#223=ORIENTED_EDGE('',*,*,#667,.F.);
#224=ORIENTED_EDGE('',*,*,#668,.T.);
#225=ORIENTED_EDGE('',*,*,#669,.F.);
#226=ORIENTED_EDGE('',*,*,#670,.T.);
#227=ORIENTED_EDGE('',*,*,#671,.F.);
#228=ORIENTED_EDGE('',*,*,#672,.F.);
#229=ORIENTED_EDGE('',*,*,#673,.T.);
#230=ORIENTED_EDGE('',*,*,#674,.T.);
#231=ORIENTED_EDGE('',*,*,#675,.F.);
#232=ORIENTED_EDGE('',*,*,#676,.T.);
#233=ORIENTED_EDGE('',*,*,#677,.F.);
#234=ORIENTED_EDGE('',*,*,#678,.F.);
#235=ORIENTED_EDGE('',*,*,#679,.F.);
#236=ORIENTED_EDGE('',*,*,#680,.T.);
#237=ORIENTED_EDGE('',*,*,#681,.T.);
#238=ORIENTED_EDGE('',*,*,#682,.T.);
#239=ORIENTED_EDGE('',*,*,#683,.F.);
#240=ORIENTED_EDGE('',*,*,#684,.T.);
#241=ORIENTED_EDGE('',*,*,#685,.T.);
#242=ORIENTED_EDGE('',*,*,#686,.T.);
#243=ORIENTED_EDGE('',*,*,#687,.T.);
#244=ORIENTED_EDGE('',*,*,#688,.T.);
#245=ORIENTED_EDGE('',*,*,#689,.F.);
#246=ORIENTED_EDGE('',*,*,#690,.T.);
#247=ORIENTED_EDGE('',*,*,#691,.F.);
#248=ORIENTED_EDGE('',*,*,#692,.F.);
#249=ORIENTED_EDGE('',*,*,#693,.F.);
#250=ORIENTED_EDGE('',*,*,#694,.T.);
#251=ORIENTED_EDGE('',*,*,#695,.T.);
#252=ORIENTED_EDGE('',*,*,#696,.T.);
#253=ORIENTED_EDGE('',*,*,#697,.T.);
#254=ORIENTED_EDGE('',*,*,#698,.T.);
#255=ORIENTED_EDGE('',*,*,#699,.T.);
#256=ORIENTED_EDGE('',*,*,#700,.T.);
#257=ORIENTED_EDGE('',*,*,#701,.T.);
#258=ORIENTED_EDGE('',*,*,#702,.T.);
#259=ORIENTED_EDGE('',*,*,#647,.T.);
#260=ORIENTED_EDGE('',*,*,#703,.T.);
#261=ORIENTED_EDGE('',*,*,#704,.F.);
#262=ORIENTED_EDGE('',*,*,#705,.T.);
#263=ORIENTED_EDGE('',*,*,#663,.T.);
#264=ORIENTED_EDGE('',*,*,#706,.T.);
#265=ORIENTED_EDGE('',*,*,#657,.F.);
#266=ORIENTED_EDGE('',*,*,#707,.T.);
#267=ORIENTED_EDGE('',*,*,#708,.T.);
#268=ORIENTED_EDGE('',*,*,#709,.T.);
#269=ORIENTED_EDGE('',*,*,#710,.T.);
#270=ORIENTED_EDGE('',*,*,#711,.T.);
#271=ORIENTED_EDGE('',*,*,#712,.T.);
#272=ORIENTED_EDGE('',*,*,#713,.T.);
#273=ORIENTED_EDGE('',*,*,#667,.T.);
#274=ORIENTED_EDGE('',*,*,#714,.T.);
#275=ORIENTED_EDGE('',*,*,#649,.F.);
#276=ORIENTED_EDGE('',*,*,#715,.T.);
#277=ORIENTED_EDGE('',*,*,#716,.T.);
#278=ORIENTED_EDGE('',*,*,#717,.T.);
#279=ORIENTED_EDGE('',*,*,#718,.T.);
#280=ORIENTED_EDGE('',*,*,#719,.T.);
#281=ORIENTED_EDGE('',*,*,#720,.T.);
#282=ORIENTED_EDGE('',*,*,#721,.T.);
#283=ORIENTED_EDGE('',*,*,#704,.T.);
#284=ORIENTED_EDGE('',*,*,#722,.T.);
#285=ORIENTED_EDGE('',*,*,#723,.T.);
#286=ORIENTED_EDGE('',*,*,#724,.T.);
#287=ORIENTED_EDGE('',*,*,#725,.F.);
#288=ORIENTED_EDGE('',*,*,#672,.T.);
#289=ORIENTED_EDGE('',*,*,#726,.F.);
#290=ORIENTED_EDGE('',*,*,#690,.F.);
#291=ORIENTED_EDGE('',*,*,#727,.F.);
#292=ORIENTED_EDGE('',*,*,#678,.T.);
#293=ORIENTED_EDGE('',*,*,#728,.F.);
#294=ORIENTED_EDGE('',*,*,#670,.F.);
#295=ORIENTED_EDGE('',*,*,#729,.F.);
#296=ORIENTED_EDGE('',*,*,#693,.T.);
#297=ORIENTED_EDGE('',*,*,#730,.F.);
#298=ORIENTED_EDGE('',*,*,#676,.F.);
#299=ORIENTED_EDGE('',*,*,#655,.T.);
#300=ORIENTED_EDGE('',*,*,#731,.T.);
#301=ORIENTED_EDGE('',*,*,#732,.F.);
#302=ORIENTED_EDGE('',*,*,#733,.T.);
#303=ORIENTED_EDGE('',*,*,#734,.T.);
#304=ORIENTED_EDGE('',*,*,#735,.T.);
#305=ORIENTED_EDGE('',*,*,#736,.T.);
#306=ORIENTED_EDGE('',*,*,#737,.T.);
#307=ORIENTED_EDGE('',*,*,#738,.T.);
#308=ORIENTED_EDGE('',*,*,#739,.T.);
#309=ORIENTED_EDGE('',*,*,#732,.T.);
#310=ORIENTED_EDGE('',*,*,#740,.T.);
#311=ORIENTED_EDGE('',*,*,#741,.T.);
#312=ORIENTED_EDGE('',*,*,#742,.T.);
#313=ORIENTED_EDGE('',*,*,#743,.F.);
#314=ORIENTED_EDGE('',*,*,#692,.T.);
#315=ORIENTED_EDGE('',*,*,#744,.F.);
#316=ORIENTED_EDGE('',*,*,#701,.F.);
#317=ORIENTED_EDGE('',*,*,#695,.F.);
#318=ORIENTED_EDGE('',*,*,#745,.T.);
#319=ORIENTED_EDGE('',*,*,#738,.F.);
#320=ORIENTED_EDGE('',*,*,#746,.F.);
#321=ORIENTED_EDGE('',*,*,#734,.F.);
#322=ORIENTED_EDGE('',*,*,#747,.T.);
#323=ORIENTED_EDGE('',*,*,#699,.F.);
#324=ORIENTED_EDGE('',*,*,#748,.F.);
#325=ORIENTED_EDGE('',*,*,#749,.F.);
#326=ORIENTED_EDGE('',*,*,#750,.F.);
#327=ORIENTED_EDGE('',*,*,#751,.F.);
#328=ORIENTED_EDGE('',*,*,#752,.F.);
#329=ORIENTED_EDGE('',*,*,#753,.T.);
#330=ORIENTED_EDGE('',*,*,#754,.T.);
#331=ORIENTED_EDGE('',*,*,#755,.T.);
#332=ORIENTED_EDGE('',*,*,#756,.T.);
#333=ORIENTED_EDGE('',*,*,#757,.T.);
#334=ORIENTED_EDGE('',*,*,#758,.T.);
#335=ORIENTED_EDGE('',*,*,#759,.T.);
#336=ORIENTED_EDGE('',*,*,#760,.T.);
#337=ORIENTED_EDGE('',*,*,#761,.T.);
#338=ORIENTED_EDGE('',*,*,#762,.T.);
#339=ORIENTED_EDGE('',*,*,#763,.T.);
#340=ORIENTED_EDGE('',*,*,#764,.T.);
#341=ORIENTED_EDGE('',*,*,#765,.T.);
#342=ORIENTED_EDGE('',*,*,#766,.T.);
#343=ORIENTED_EDGE('',*,*,#767,.T.);
#344=ORIENTED_EDGE('',*,*,#768,.T.);
#345=ORIENTED_EDGE('',*,*,#769,.T.);
#346=ORIENTED_EDGE('',*,*,#770,.T.);
#347=ORIENTED_EDGE('',*,*,#771,.T.);
#348=ORIENTED_EDGE('',*,*,#772,.T.);
#349=ORIENTED_EDGE('',*,*,#773,.T.);
#350=ORIENTED_EDGE('',*,*,#774,.T.);
#351=ORIENTED_EDGE('',*,*,#775,.T.);
#352=ORIENTED_EDGE('',*,*,#776,.T.);
#353=ORIENTED_EDGE('',*,*,#777,.F.);
#354=ORIENTED_EDGE('',*,*,#778,.F.);
#355=ORIENTED_EDGE('',*,*,#779,.F.);
#356=ORIENTED_EDGE('',*,*,#780,.F.);
#357=ORIENTED_EDGE('',*,*,#781,.F.);
#358=ORIENTED_EDGE('',*,*,#782,.F.);
#359=ORIENTED_EDGE('',*,*,#783,.F.);
#360=ORIENTED_EDGE('',*,*,#784,.F.);
#361=ORIENTED_EDGE('',*,*,#702,.F.);
#362=ORIENTED_EDGE('',*,*,#744,.T.);
#363=ORIENTED_EDGE('',*,*,#691,.T.);
#364=ORIENTED_EDGE('',*,*,#726,.T.);
#365=ORIENTED_EDGE('',*,*,#671,.T.);
#366=ORIENTED_EDGE('',*,*,#728,.T.);
#367=ORIENTED_EDGE('',*,*,#677,.T.);
#368=ORIENTED_EDGE('',*,*,#730,.T.);
#369=ORIENTED_EDGE('',*,*,#777,.T.);
#370=ORIENTED_EDGE('',*,*,#785,.T.);
#371=ORIENTED_EDGE('',*,*,#778,.T.);
#372=ORIENTED_EDGE('',*,*,#786,.T.);
#373=ORIENTED_EDGE('',*,*,#779,.T.);
#374=ORIENTED_EDGE('',*,*,#787,.T.);
#375=ORIENTED_EDGE('',*,*,#780,.T.);
#376=ORIENTED_EDGE('',*,*,#788,.T.);
#377=ORIENTED_EDGE('',*,*,#789,.F.);
#378=ORIENTED_EDGE('',*,*,#784,.T.);
#379=ORIENTED_EDGE('',*,*,#785,.F.);
#380=ORIENTED_EDGE('',*,*,#789,.T.);
#381=ORIENTED_EDGE('',*,*,#790,.F.);
#382=ORIENTED_EDGE('',*,*,#783,.T.);
#383=ORIENTED_EDGE('',*,*,#788,.F.);
#384=ORIENTED_EDGE('',*,*,#790,.T.);
#385=ORIENTED_EDGE('',*,*,#791,.F.);
#386=ORIENTED_EDGE('',*,*,#782,.T.);
#387=ORIENTED_EDGE('',*,*,#786,.F.);
#388=ORIENTED_EDGE('',*,*,#791,.T.);
#389=ORIENTED_EDGE('',*,*,#792,.F.);
#390=ORIENTED_EDGE('',*,*,#781,.T.);
#391=ORIENTED_EDGE('',*,*,#787,.F.);
#392=ORIENTED_EDGE('',*,*,#792,.T.);
#393=ORIENTED_EDGE('',*,*,#746,.T.);
#394=ORIENTED_EDGE('',*,*,#737,.F.);
#395=ORIENTED_EDGE('',*,*,#793,.F.);
#396=ORIENTED_EDGE('',*,*,#696,.F.);
#397=ORIENTED_EDGE('',*,*,#793,.T.);
#398=ORIENTED_EDGE('',*,*,#736,.F.);
#399=ORIENTED_EDGE('',*,*,#794,.F.);
#400=ORIENTED_EDGE('',*,*,#697,.F.);
#401=ORIENTED_EDGE('',*,*,#735,.F.);
#402=ORIENTED_EDGE('',*,*,#748,.T.);
#403=ORIENTED_EDGE('',*,*,#698,.F.);
#404=ORIENTED_EDGE('',*,*,#794,.T.);
#405=ORIENTED_EDGE('',*,*,#795,.F.);
#406=ORIENTED_EDGE('',*,*,#742,.F.);
#407=ORIENTED_EDGE('',*,*,#796,.T.);
#408=ORIENTED_EDGE('',*,*,#797,.F.);
#409=ORIENTED_EDGE('',*,*,#798,.T.);
#410=ORIENTED_EDGE('',*,*,#668,.F.);
#411=ORIENTED_EDGE('',*,*,#721,.F.);
#412=ORIENTED_EDGE('',*,*,#799,.T.);
#413=ORIENTED_EDGE('',*,*,#683,.T.);
#414=ORIENTED_EDGE('',*,*,#743,.T.);
#415=ORIENTED_EDGE('',*,*,#700,.F.);
#416=ORIENTED_EDGE('',*,*,#747,.F.);
#417=ORIENTED_EDGE('',*,*,#733,.F.);
#418=ORIENTED_EDGE('',*,*,#800,.F.);
#419=ORIENTED_EDGE('',*,*,#660,.F.);
#420=ORIENTED_EDGE('',*,*,#801,.T.);
#421=ORIENTED_EDGE('',*,*,#802,.T.);
#422=ORIENTED_EDGE('',*,*,#803,.T.);
#423=ORIENTED_EDGE('',*,*,#656,.F.);
#424=ORIENTED_EDGE('',*,*,#739,.F.);
#425=ORIENTED_EDGE('',*,*,#745,.F.);
#426=ORIENTED_EDGE('',*,*,#694,.F.);
#427=ORIENTED_EDGE('',*,*,#729,.T.);
#428=ORIENTED_EDGE('',*,*,#675,.T.);
#429=ORIENTED_EDGE('',*,*,#804,.T.);
#430=ORIENTED_EDGE('',*,*,#707,.F.);
#431=ORIENTED_EDGE('',*,*,#805,.F.);
#432=ORIENTED_EDGE('',*,*,#806,.F.);
#433=ORIENTED_EDGE('',*,*,#652,.F.);
#434=ORIENTED_EDGE('',*,*,#807,.T.);
#435=ORIENTED_EDGE('',*,*,#808,.T.);
#436=ORIENTED_EDGE('',*,*,#809,.T.);
#437=ORIENTED_EDGE('',*,*,#648,.F.);
#438=ORIENTED_EDGE('',*,*,#705,.F.);
#439=ORIENTED_EDGE('',*,*,#724,.F.);
#440=ORIENTED_EDGE('',*,*,#810,.T.);
#441=ORIENTED_EDGE('',*,*,#811,.F.);
#442=ORIENTED_EDGE('',*,*,#812,.T.);
#443=ORIENTED_EDGE('',*,*,#664,.F.);
#444=ORIENTED_EDGE('',*,*,#713,.F.);
#445=ORIENTED_EDGE('',*,*,#813,.T.);
#446=ORIENTED_EDGE('',*,*,#679,.T.);
#447=ORIENTED_EDGE('',*,*,#727,.T.);
#448=ORIENTED_EDGE('',*,*,#669,.T.);
#449=ORIENTED_EDGE('',*,*,#725,.T.);
#450=ORIENTED_EDGE('',*,*,#689,.T.);
#451=ORIENTED_EDGE('',*,*,#814,.T.);
#452=ORIENTED_EDGE('',*,*,#715,.F.);
#453=ORIENTED_EDGE('',*,*,#813,.F.);
#454=ORIENTED_EDGE('',*,*,#712,.F.);
#455=ORIENTED_EDGE('',*,*,#815,.F.);
#456=ORIENTED_EDGE('',*,*,#680,.F.);
#457=ORIENTED_EDGE('',*,*,#815,.T.);
#458=ORIENTED_EDGE('',*,*,#711,.F.);
#459=ORIENTED_EDGE('',*,*,#816,.F.);
#460=ORIENTED_EDGE('',*,*,#681,.F.);
#461=ORIENTED_EDGE('',*,*,#816,.T.);
#462=ORIENTED_EDGE('',*,*,#710,.F.);
#463=ORIENTED_EDGE('',*,*,#817,.F.);
#464=ORIENTED_EDGE('',*,*,#682,.F.);
#465=ORIENTED_EDGE('',*,*,#817,.T.);
#466=ORIENTED_EDGE('',*,*,#709,.F.);
#467=ORIENTED_EDGE('',*,*,#818,.F.);
#468=ORIENTED_EDGE('',*,*,#673,.F.);
#469=ORIENTED_EDGE('',*,*,#708,.F.);
#470=ORIENTED_EDGE('',*,*,#804,.F.);
#471=ORIENTED_EDGE('',*,*,#674,.F.);
#472=ORIENTED_EDGE('',*,*,#818,.T.);
#473=ORIENTED_EDGE('',*,*,#716,.F.);
#474=ORIENTED_EDGE('',*,*,#814,.F.);
#475=ORIENTED_EDGE('',*,*,#688,.F.);
#476=ORIENTED_EDGE('',*,*,#819,.F.);
#477=ORIENTED_EDGE('',*,*,#717,.F.);
#478=ORIENTED_EDGE('',*,*,#819,.T.);
#479=ORIENTED_EDGE('',*,*,#687,.F.);
#480=ORIENTED_EDGE('',*,*,#820,.F.);
#481=ORIENTED_EDGE('',*,*,#718,.F.);
#482=ORIENTED_EDGE('',*,*,#820,.T.);
#483=ORIENTED_EDGE('',*,*,#686,.F.);
#484=ORIENTED_EDGE('',*,*,#821,.F.);
#485=ORIENTED_EDGE('',*,*,#822,.F.);
#486=ORIENTED_EDGE('',*,*,#719,.F.);
#487=ORIENTED_EDGE('',*,*,#821,.T.);
#488=ORIENTED_EDGE('',*,*,#685,.F.);
#489=ORIENTED_EDGE('',*,*,#720,.F.);
#490=ORIENTED_EDGE('',*,*,#822,.T.);
#491=ORIENTED_EDGE('',*,*,#684,.F.);
#492=ORIENTED_EDGE('',*,*,#799,.F.);
#493=ORIENTED_EDGE('',*,*,#823,.T.);
#494=ORIENTED_EDGE('',*,*,#824,.T.);
#495=ORIENTED_EDGE('',*,*,#825,.T.);
#496=ORIENTED_EDGE('',*,*,#797,.T.);
#497=ORIENTED_EDGE('',*,*,#826,.T.);
#498=ORIENTED_EDGE('',*,*,#827,.T.);
#499=ORIENTED_EDGE('',*,*,#828,.T.);
#500=ORIENTED_EDGE('',*,*,#802,.F.);
#501=ORIENTED_EDGE('',*,*,#829,.T.);
#502=ORIENTED_EDGE('',*,*,#830,.T.);
#503=ORIENTED_EDGE('',*,*,#831,.T.);
#504=ORIENTED_EDGE('',*,*,#811,.T.);
#505=ORIENTED_EDGE('',*,*,#832,.T.);
#506=ORIENTED_EDGE('',*,*,#833,.T.);
#507=ORIENTED_EDGE('',*,*,#834,.T.);
#508=ORIENTED_EDGE('',*,*,#808,.F.);
#509=ORIENTED_EDGE('',*,*,#651,.F.);
#510=ORIENTED_EDGE('',*,*,#835,.T.);
#511=ORIENTED_EDGE('',*,*,#832,.F.);
#512=ORIENTED_EDGE('',*,*,#807,.F.);
#513=ORIENTED_EDGE('',*,*,#723,.F.);
#514=ORIENTED_EDGE('',*,*,#836,.T.);
#515=ORIENTED_EDGE('',*,*,#829,.F.);
#516=ORIENTED_EDGE('',*,*,#810,.F.);
#517=ORIENTED_EDGE('',*,*,#834,.F.);
#518=ORIENTED_EDGE('',*,*,#837,.T.);
#519=ORIENTED_EDGE('',*,*,#645,.F.);
#520=ORIENTED_EDGE('',*,*,#809,.F.);
#521=ORIENTED_EDGE('',*,*,#831,.F.);
#522=ORIENTED_EDGE('',*,*,#838,.T.);
#523=ORIENTED_EDGE('',*,*,#661,.F.);
#524=ORIENTED_EDGE('',*,*,#812,.F.);
#525=ORIENTED_EDGE('',*,*,#659,.F.);
#526=ORIENTED_EDGE('',*,*,#839,.T.);
#527=ORIENTED_EDGE('',*,*,#826,.F.);
#528=ORIENTED_EDGE('',*,*,#801,.F.);
#529=ORIENTED_EDGE('',*,*,#828,.F.);
#530=ORIENTED_EDGE('',*,*,#840,.T.);
#531=ORIENTED_EDGE('',*,*,#653,.F.);
#532=ORIENTED_EDGE('',*,*,#803,.F.);
#533=ORIENTED_EDGE('',*,*,#741,.F.);
#534=ORIENTED_EDGE('',*,*,#841,.T.);
#535=ORIENTED_EDGE('',*,*,#823,.F.);
#536=ORIENTED_EDGE('',*,*,#796,.F.);
#537=ORIENTED_EDGE('',*,*,#825,.F.);
#538=ORIENTED_EDGE('',*,*,#842,.T.);
#539=ORIENTED_EDGE('',*,*,#665,.F.);
#540=ORIENTED_EDGE('',*,*,#798,.F.);
#541=ORIENTED_EDGE('',*,*,#843,.F.);
#542=ORIENTED_EDGE('',*,*,#731,.F.);
#543=ORIENTED_EDGE('',*,*,#844,.F.);
#544=ORIENTED_EDGE('',*,*,#766,.F.);
#545=ORIENTED_EDGE('',*,*,#844,.T.);
#546=ORIENTED_EDGE('',*,*,#654,.F.);
#547=ORIENTED_EDGE('',*,*,#845,.F.);
#548=ORIENTED_EDGE('',*,*,#767,.F.);
#549=ORIENTED_EDGE('',*,*,#843,.T.);
#550=ORIENTED_EDGE('',*,*,#765,.F.);
#551=ORIENTED_EDGE('',*,*,#846,.F.);
#552=ORIENTED_EDGE('',*,*,#740,.F.);
#553=ORIENTED_EDGE('',*,*,#845,.T.);
#554=ORIENTED_EDGE('',*,*,#840,.F.);
#555=ORIENTED_EDGE('',*,*,#847,.F.);
#556=ORIENTED_EDGE('',*,*,#768,.F.);
#557=ORIENTED_EDGE('',*,*,#846,.T.);
#558=ORIENTED_EDGE('',*,*,#764,.F.);
#559=ORIENTED_EDGE('',*,*,#848,.F.);
#560=ORIENTED_EDGE('',*,*,#841,.F.);
#561=ORIENTED_EDGE('',*,*,#847,.T.);
#562=ORIENTED_EDGE('',*,*,#827,.F.);
#563=ORIENTED_EDGE('',*,*,#849,.F.);
#564=ORIENTED_EDGE('',*,*,#769,.F.);
#565=ORIENTED_EDGE('',*,*,#848,.T.);
#566=ORIENTED_EDGE('',*,*,#763,.F.);
#567=ORIENTED_EDGE('',*,*,#850,.F.);
#568=ORIENTED_EDGE('',*,*,#824,.F.);
#569=ORIENTED_EDGE('',*,*,#849,.T.);
#570=ORIENTED_EDGE('',*,*,#839,.F.);
#571=ORIENTED_EDGE('',*,*,#851,.F.);
#572=ORIENTED_EDGE('',*,*,#770,.F.);
#573=ORIENTED_EDGE('',*,*,#850,.T.);
#574=ORIENTED_EDGE('',*,*,#762,.F.);
#575=ORIENTED_EDGE('',*,*,#852,.F.);
#576=ORIENTED_EDGE('',*,*,#842,.F.);
#577=ORIENTED_EDGE('',*,*,#851,.T.);
#578=ORIENTED_EDGE('',*,*,#658,.F.);
#579=ORIENTED_EDGE('',*,*,#853,.F.);
#580=ORIENTED_EDGE('',*,*,#771,.F.);
#581=ORIENTED_EDGE('',*,*,#852,.T.);
#582=ORIENTED_EDGE('',*,*,#761,.F.);
#583=ORIENTED_EDGE('',*,*,#854,.F.);
#584=ORIENTED_EDGE('',*,*,#666,.F.);
#585=ORIENTED_EDGE('',*,*,#853,.T.);
#586=ORIENTED_EDGE('',*,*,#706,.F.);
#587=ORIENTED_EDGE('',*,*,#855,.F.);
#588=ORIENTED_EDGE('',*,*,#772,.F.);
#589=ORIENTED_EDGE('',*,*,#854,.T.);
#590=ORIENTED_EDGE('',*,*,#760,.F.);
#591=ORIENTED_EDGE('',*,*,#856,.F.);
#592=ORIENTED_EDGE('',*,*,#714,.F.);
#593=ORIENTED_EDGE('',*,*,#855,.T.);
#594=ORIENTED_EDGE('',*,*,#662,.F.);
#595=ORIENTED_EDGE('',*,*,#857,.F.);
#596=ORIENTED_EDGE('',*,*,#773,.F.);
#597=ORIENTED_EDGE('',*,*,#856,.T.);
#598=ORIENTED_EDGE('',*,*,#759,.F.);
#599=ORIENTED_EDGE('',*,*,#858,.F.);
#600=ORIENTED_EDGE('',*,*,#650,.F.);
#601=ORIENTED_EDGE('',*,*,#857,.T.);
#602=ORIENTED_EDGE('',*,*,#838,.F.);
#603=ORIENTED_EDGE('',*,*,#859,.F.);
#604=ORIENTED_EDGE('',*,*,#774,.F.);
#605=ORIENTED_EDGE('',*,*,#858,.T.);
#606=ORIENTED_EDGE('',*,*,#758,.F.);
#607=ORIENTED_EDGE('',*,*,#860,.F.);
#608=ORIENTED_EDGE('',*,*,#835,.F.);
#609=ORIENTED_EDGE('',*,*,#859,.T.);
#610=ORIENTED_EDGE('',*,*,#830,.F.);
#611=ORIENTED_EDGE('',*,*,#861,.F.);
#612=ORIENTED_EDGE('',*,*,#775,.F.);
#613=ORIENTED_EDGE('',*,*,#860,.T.);
#614=ORIENTED_EDGE('',*,*,#757,.F.);
#615=ORIENTED_EDGE('',*,*,#862,.F.);
#616=ORIENTED_EDGE('',*,*,#833,.F.);
#617=ORIENTED_EDGE('',*,*,#861,.T.);
#618=ORIENTED_EDGE('',*,*,#836,.F.);
#619=ORIENTED_EDGE('',*,*,#863,.F.);
#620=ORIENTED_EDGE('',*,*,#776,.F.);
#621=ORIENTED_EDGE('',*,*,#862,.T.);
#622=ORIENTED_EDGE('',*,*,#756,.F.);
#623=ORIENTED_EDGE('',*,*,#864,.F.);
#624=ORIENTED_EDGE('',*,*,#837,.F.);
#625=ORIENTED_EDGE('',*,*,#863,.T.);
#626=ORIENTED_EDGE('',*,*,#722,.F.);
#627=ORIENTED_EDGE('',*,*,#865,.F.);
#628=ORIENTED_EDGE('',*,*,#753,.F.);
#629=ORIENTED_EDGE('',*,*,#864,.T.);
#630=ORIENTED_EDGE('',*,*,#755,.F.);
#631=ORIENTED_EDGE('',*,*,#866,.F.);
#632=ORIENTED_EDGE('',*,*,#646,.F.);
#633=ORIENTED_EDGE('',*,*,#865,.T.);
#634=ORIENTED_EDGE('',*,*,#703,.F.);
#635=ORIENTED_EDGE('',*,*,#866,.T.);
#636=ORIENTED_EDGE('',*,*,#754,.F.);
#637=ORIENTED_EDGE('',*,*,#806,.T.);
#638=ORIENTED_EDGE('',*,*,#751,.T.);
#639=ORIENTED_EDGE('',*,*,#805,.T.);
#640=ORIENTED_EDGE('',*,*,#750,.T.);
#641=ORIENTED_EDGE('',*,*,#800,.T.);
#642=ORIENTED_EDGE('',*,*,#749,.T.);
#643=ORIENTED_EDGE('',*,*,#795,.T.);
#644=ORIENTED_EDGE('',*,*,#752,.T.);
#645=EDGE_CURVE('',#867,#868,#1015,.T.);
#646=EDGE_CURVE('',#868,#869,#56,.T.);
#647=EDGE_CURVE('',#870,#869,#1016,.T.);
#648=EDGE_CURVE('',#870,#867,#57,.F.);
#649=EDGE_CURVE('',#871,#872,#1017,.T.);
#650=EDGE_CURVE('',#872,#873,#58,.T.);
#651=EDGE_CURVE('',#873,#874,#1018,.F.);
#652=EDGE_CURVE('',#874,#871,#59,.F.);
#653=EDGE_CURVE('',#875,#876,#1019,.T.);
#654=EDGE_CURVE('',#876,#877,#60,.T.);
#655=EDGE_CURVE('',#878,#877,#1020,.T.);
#656=EDGE_CURVE('',#878,#875,#61,.F.);
#657=EDGE_CURVE('',#879,#880,#1021,.T.);
#658=EDGE_CURVE('',#880,#881,#62,.T.);
#659=EDGE_CURVE('',#881,#882,#1022,.F.);
#660=EDGE_CURVE('',#882,#879,#63,.F.);
#661=EDGE_CURVE('',#883,#884,#1023,.T.);
#662=EDGE_CURVE('',#884,#885,#64,.T.);
#663=EDGE_CURVE('',#886,#885,#1024,.T.);
#664=EDGE_CURVE('',#886,#883,#65,.F.);
#665=EDGE_CURVE('',#887,#888,#1025,.T.);
#666=EDGE_CURVE('',#888,#889,#66,.T.);
#667=EDGE_CURVE('',#890,#889,#1026,.T.);
#668=EDGE_CURVE('',#890,#887,#67,.F.);
#669=EDGE_CURVE('',#891,#892,#1027,.T.);
#670=EDGE_CURVE('',#891,#893,#1028,.T.);
#671=EDGE_CURVE('',#894,#893,#1029,.T.);
#672=EDGE_CURVE('',#892,#894,#1030,.T.);
#673=EDGE_CURVE('',#895,#896,#68,.T.);
#674=EDGE_CURVE('',#896,#897,#1031,.T.);
#675=EDGE_CURVE('',#898,#897,#1032,.T.);
#676=EDGE_CURVE('',#898,#899,#1033,.T.);
#677=EDGE_CURVE('',#900,#899,#1034,.T.);
#678=EDGE_CURVE('',#901,#900,#1035,.T.);
#679=EDGE_CURVE('',#902,#901,#1036,.T.);
#680=EDGE_CURVE('',#902,#903,#1037,.T.);
#681=EDGE_CURVE('',#903,#904,#69,.T.);
#682=EDGE_CURVE('',#904,#895,#1038,.T.);
#683=EDGE_CURVE('',#905,#906,#1039,.T.);
#684=EDGE_CURVE('',#905,#907,#1040,.T.);
#685=EDGE_CURVE('',#907,#908,#70,.T.);
#686=EDGE_CURVE('',#908,#909,#1041,.T.);
#687=EDGE_CURVE('',#909,#910,#71,.T.);
#688=EDGE_CURVE('',#910,#911,#1042,.T.);
#689=EDGE_CURVE('',#912,#911,#1043,.T.);
#690=EDGE_CURVE('',#912,#913,#1044,.T.);
#691=EDGE_CURVE('',#914,#913,#1045,.T.);
#692=EDGE_CURVE('',#906,#914,#1046,.T.);
#693=EDGE_CURVE('',#915,#916,#1047,.T.);
#694=EDGE_CURVE('',#915,#917,#1048,.T.);
#695=EDGE_CURVE('',#917,#918,#1049,.F.);
#696=EDGE_CURVE('',#918,#919,#72,.F.);
#697=EDGE_CURVE('',#919,#920,#1050,.F.);
#698=EDGE_CURVE('',#920,#921,#73,.F.);
#699=EDGE_CURVE('',#921,#922,#1051,.F.);
#700=EDGE_CURVE('',#922,#923,#1052,.T.);
#701=EDGE_CURVE('',#923,#924,#1053,.T.);
#702=EDGE_CURVE('',#924,#916,#1054,.T.);
#703=EDGE_CURVE('',#869,#925,#1055,.F.);
#704=EDGE_CURVE('',#926,#925,#1056,.T.);
#705=EDGE_CURVE('',#926,#870,#1057,.T.);
#706=EDGE_CURVE('',#885,#880,#1058,.F.);
#707=EDGE_CURVE('',#879,#927,#1059,.T.);
#708=EDGE_CURVE('',#927,#928,#1060,.F.);
#709=EDGE_CURVE('',#928,#929,#74,.F.);
#710=EDGE_CURVE('',#929,#930,#1061,.F.);
#711=EDGE_CURVE('',#930,#931,#75,.F.);
#712=EDGE_CURVE('',#931,#932,#1062,.F.);
#713=EDGE_CURVE('',#932,#886,#1063,.T.);
#714=EDGE_CURVE('',#889,#872,#1064,.F.);
#715=EDGE_CURVE('',#871,#933,#1065,.T.);
#716=EDGE_CURVE('',#933,#934,#1066,.F.);
#717=EDGE_CURVE('',#934,#935,#76,.F.);
#718=EDGE_CURVE('',#935,#936,#1067,.F.);
#719=EDGE_CURVE('',#936,#937,#77,.F.);
#720=EDGE_CURVE('',#937,#938,#1068,.F.);
#721=EDGE_CURVE('',#938,#890,#1069,.T.);
#722=EDGE_CURVE('',#925,#939,#78,.T.);
#723=EDGE_CURVE('',#939,#940,#1070,.F.);
#724=EDGE_CURVE('',#940,#926,#79,.F.);
#725=EDGE_CURVE('',#892,#912,#80,.F.);
#726=EDGE_CURVE('',#913,#894,#81,.T.);
#727=EDGE_CURVE('',#901,#891,#82,.F.);
#728=EDGE_CURVE('',#893,#900,#83,.T.);
#729=EDGE_CURVE('',#915,#898,#84,.F.);
#730=EDGE_CURVE('',#899,#916,#85,.T.);
#731=EDGE_CURVE('',#877,#941,#1071,.F.);
#732=EDGE_CURVE('',#942,#941,#1072,.T.);
#733=EDGE_CURVE('',#942,#943,#1073,.T.);
#734=EDGE_CURVE('',#943,#944,#1074,.F.);
#735=EDGE_CURVE('',#944,#945,#86,.F.);
#736=EDGE_CURVE('',#945,#946,#1075,.F.);
#737=EDGE_CURVE('',#946,#947,#87,.F.);
#738=EDGE_CURVE('',#947,#948,#1076,.F.);
#739=EDGE_CURVE('',#948,#878,#1077,.T.);
#740=EDGE_CURVE('',#941,#949,#88,.T.);
#741=EDGE_CURVE('',#949,#950,#1078,.F.);
#742=EDGE_CURVE('',#950,#942,#89,.F.);
#743=EDGE_CURVE('',#906,#923,#90,.F.);
#744=EDGE_CURVE('',#924,#914,#91,.T.);
#745=EDGE_CURVE('',#917,#948,#92,.F.);
#746=EDGE_CURVE('',#918,#947,#93,.T.);
#747=EDGE_CURVE('',#943,#922,#94,.F.);
#748=EDGE_CURVE('',#944,#921,#95,.T.);
#749=EDGE_CURVE('',#951,#951,#96,.T.);
#750=EDGE_CURVE('',#952,#952,#97,.T.);
#751=EDGE_CURVE('',#953,#953,#98,.T.);
#752=EDGE_CURVE('',#954,#954,#99,.T.);
#753=EDGE_CURVE('',#955,#956,#100,.F.);
#754=EDGE_CURVE('',#956,#957,#1079,.T.);
#755=EDGE_CURVE('',#957,#958,#101,.F.);
#756=EDGE_CURVE('',#958,#959,#102,.T.);
#757=EDGE_CURVE('',#959,#960,#103,.F.);
#758=EDGE_CURVE('',#960,#961,#104,.T.);
#759=EDGE_CURVE('',#961,#962,#105,.F.);
#760=EDGE_CURVE('',#962,#963,#1080,.T.);
#761=EDGE_CURVE('',#963,#964,#106,.F.);
#762=EDGE_CURVE('',#964,#965,#107,.T.);
#763=EDGE_CURVE('',#965,#966,#108,.F.);
#764=EDGE_CURVE('',#966,#967,#109,.T.);
#765=EDGE_CURVE('',#967,#968,#110,.F.);
#766=EDGE_CURVE('',#968,#969,#1081,.T.);
#767=EDGE_CURVE('',#969,#970,#111,.F.);
#768=EDGE_CURVE('',#970,#971,#112,.T.);
#769=EDGE_CURVE('',#971,#972,#113,.F.);
#770=EDGE_CURVE('',#972,#973,#114,.T.);
#771=EDGE_CURVE('',#973,#974,#115,.F.);
#772=EDGE_CURVE('',#974,#975,#1082,.T.);
#773=EDGE_CURVE('',#975,#976,#116,.F.);
#774=EDGE_CURVE('',#976,#977,#117,.T.);
#775=EDGE_CURVE('',#977,#978,#118,.F.);
#776=EDGE_CURVE('',#978,#955,#119,.T.);
#777=EDGE_CURVE('',#979,#979,#120,.F.);
#778=EDGE_CURVE('',#980,#980,#121,.F.);
#779=EDGE_CURVE('',#981,#981,#122,.F.);
#780=EDGE_CURVE('',#982,#982,#123,.F.);
#781=EDGE_CURVE('',#983,#983,#124,.T.);
#782=EDGE_CURVE('',#984,#984,#125,.T.);
#783=EDGE_CURVE('',#985,#985,#126,.T.);
#784=EDGE_CURVE('',#986,#986,#127,.T.);
#785=EDGE_CURVE('',#987,#987,#128,.T.);
#786=EDGE_CURVE('',#988,#988,#129,.T.);
#787=EDGE_CURVE('',#989,#989,#130,.T.);
#788=EDGE_CURVE('',#990,#990,#131,.T.);
#789=EDGE_CURVE('',#991,#991,#132,.T.);
#790=EDGE_CURVE('',#992,#992,#133,.T.);
#791=EDGE_CURVE('',#993,#993,#134,.T.);
#792=EDGE_CURVE('',#994,#994,#135,.T.);
#793=EDGE_CURVE('',#919,#946,#136,.T.);
#794=EDGE_CURVE('',#920,#945,#137,.T.);
#795=EDGE_CURVE('',#995,#995,#138,.T.);
#796=EDGE_CURVE('',#950,#996,#139,.F.);
#797=EDGE_CURVE('',#997,#996,#140,.F.);
#798=EDGE_CURVE('',#997,#887,#141,.F.);
#799=EDGE_CURVE('',#938,#905,#142,.T.);
#800=EDGE_CURVE('',#998,#998,#143,.T.);
#801=EDGE_CURVE('',#882,#999,#144,.F.);
#802=EDGE_CURVE('',#999,#1000,#145,.T.);
#803=EDGE_CURVE('',#1000,#875,#146,.F.);
#804=EDGE_CURVE('',#897,#927,#147,.T.);
#805=EDGE_CURVE('',#1001,#1001,#148,.T.);
#806=EDGE_CURVE('',#1002,#1002,#149,.T.);
#807=EDGE_CURVE('',#874,#1003,#150,.F.);
#808=EDGE_CURVE('',#1003,#1004,#151,.T.);
#809=EDGE_CURVE('',#1004,#867,#152,.F.);
#810=EDGE_CURVE('',#940,#1005,#153,.F.);
#811=EDGE_CURVE('',#1006,#1005,#154,.F.);
#812=EDGE_CURVE('',#1006,#883,#155,.F.);
#813=EDGE_CURVE('',#932,#902,#156,.T.);
#814=EDGE_CURVE('',#911,#933,#157,.T.);
#815=EDGE_CURVE('',#903,#931,#158,.T.);
#816=EDGE_CURVE('',#904,#930,#159,.T.);
#817=EDGE_CURVE('',#895,#929,#160,.T.);
#818=EDGE_CURVE('',#896,#928,#161,.T.);
#819=EDGE_CURVE('',#934,#910,#162,.T.);
#820=EDGE_CURVE('',#935,#909,#163,.T.);
#821=EDGE_CURVE('',#936,#908,#164,.T.);
#822=EDGE_CURVE('',#937,#907,#165,.T.);
#823=EDGE_CURVE('',#996,#1007,#1083,.T.);
#824=EDGE_CURVE('',#1007,#1008,#166,.T.);
#825=EDGE_CURVE('',#1008,#997,#1084,.F.);
#826=EDGE_CURVE('',#999,#1009,#1085,.T.);
#827=EDGE_CURVE('',#1009,#1010,#167,.T.);
#828=EDGE_CURVE('',#1010,#1000,#1086,.F.);
#829=EDGE_CURVE('',#1005,#1011,#1087,.T.);
#830=EDGE_CURVE('',#1011,#1012,#168,.T.);
#831=EDGE_CURVE('',#1012,#1006,#1088,.F.);
#832=EDGE_CURVE('',#1003,#1013,#1089,.T.);
#833=EDGE_CURVE('',#1013,#1014,#169,.T.);
#834=EDGE_CURVE('',#1014,#1004,#1090,.F.);
#835=EDGE_CURVE('',#873,#1013,#170,.F.);
#836=EDGE_CURVE('',#939,#1011,#171,.F.);
#837=EDGE_CURVE('',#1014,#868,#172,.F.);
#838=EDGE_CURVE('',#1012,#884,#173,.F.);
#839=EDGE_CURVE('',#881,#1009,#174,.F.);
#840=EDGE_CURVE('',#1010,#876,#175,.F.);
#841=EDGE_CURVE('',#949,#1007,#176,.F.);
#842=EDGE_CURVE('',#1008,#888,#177,.F.);
#843=EDGE_CURVE('',#941,#968,#12,.T.);
#844=EDGE_CURVE('',#969,#877,#178,.T.);
#845=EDGE_CURVE('',#970,#876,#179,.T.);
#846=EDGE_CURVE('',#949,#967,#180,.T.);
#847=EDGE_CURVE('',#971,#1010,#181,.T.);
#848=EDGE_CURVE('',#1007,#966,#182,.T.);
#849=EDGE_CURVE('',#972,#1009,#183,.T.);
#850=EDGE_CURVE('',#1008,#965,#184,.T.);
#851=EDGE_CURVE('',#973,#881,#185,.T.);
#852=EDGE_CURVE('',#888,#964,#186,.T.);
#853=EDGE_CURVE('',#974,#880,#187,.T.);
#854=EDGE_CURVE('',#889,#963,#188,.T.);
#855=EDGE_CURVE('',#975,#885,#189,.T.);
#856=EDGE_CURVE('',#872,#962,#190,.T.);
#857=EDGE_CURVE('',#976,#884,#191,.T.);
#858=EDGE_CURVE('',#873,#961,#192,.T.);
#859=EDGE_CURVE('',#977,#1012,#193,.T.);
#860=EDGE_CURVE('',#1013,#960,#194,.T.);
#861=EDGE_CURVE('',#978,#1011,#195,.T.);
#862=EDGE_CURVE('',#1014,#959,#196,.T.);
#863=EDGE_CURVE('',#955,#939,#197,.T.);
#864=EDGE_CURVE('',#868,#958,#198,.T.);
#865=EDGE_CURVE('',#956,#925,#199,.T.);
#866=EDGE_CURVE('',#869,#957,#200,.T.);
#867=VERTEX_POINT('',#2361);
#868=VERTEX_POINT('',#2362);
#869=VERTEX_POINT('',#2364);
#870=VERTEX_POINT('',#2366);
#871=VERTEX_POINT('',#2370);
#872=VERTEX_POINT('',#2371);
#873=VERTEX_POINT('',#2373);
#874=VERTEX_POINT('',#2375);
#875=VERTEX_POINT('',#2379);
#876=VERTEX_POINT('',#2380);
#877=VERTEX_POINT('',#2382);
#878=VERTEX_POINT('',#2384);
#879=VERTEX_POINT('',#2388);
#880=VERTEX_POINT('',#2389);
#881=VERTEX_POINT('',#2391);
#882=VERTEX_POINT('',#2393);
#883=VERTEX_POINT('',#2397);
#884=VERTEX_POINT('',#2398);
#885=VERTEX_POINT('',#2400);
#886=VERTEX_POINT('',#2402);
#887=VERTEX_POINT('',#2406);
#888=VERTEX_POINT('',#2407);
#889=VERTEX_POINT('',#2409);
#890=VERTEX_POINT('',#2411);
#891=VERTEX_POINT('',#2415);
#892=VERTEX_POINT('',#2416);
#893=VERTEX_POINT('',#2418);
#894=VERTEX_POINT('',#2420);
#895=VERTEX_POINT('',#2424);
#896=VERTEX_POINT('',#2425);
#897=VERTEX_POINT('',#2427);
#898=VERTEX_POINT('',#2429);
#899=VERTEX_POINT('',#2431);
#900=VERTEX_POINT('',#2433);
#901=VERTEX_POINT('',#2435);
#902=VERTEX_POINT('',#2437);
#903=VERTEX_POINT('',#2439);
#904=VERTEX_POINT('',#2441);
#905=VERTEX_POINT('',#2445);
#906=VERTEX_POINT('',#2446);
#907=VERTEX_POINT('',#2448);
#908=VERTEX_POINT('',#2450);
#909=VERTEX_POINT('',#2452);
#910=VERTEX_POINT('',#2454);
#911=VERTEX_POINT('',#2456);
#912=VERTEX_POINT('',#2458);
#913=VERTEX_POINT('',#2460);
#914=VERTEX_POINT('',#2462);
#915=VERTEX_POINT('',#2466);
#916=VERTEX_POINT('',#2467);
#917=VERTEX_POINT('',#2469);
#918=VERTEX_POINT('',#2471);
#919=VERTEX_POINT('',#2473);
#920=VERTEX_POINT('',#2475);
#921=VERTEX_POINT('',#2477);
#922=VERTEX_POINT('',#2479);
#923=VERTEX_POINT('',#2481);
#924=VERTEX_POINT('',#2483);
#925=VERTEX_POINT('',#2487);
#926=VERTEX_POINT('',#2489);
#927=VERTEX_POINT('',#2494);
#928=VERTEX_POINT('',#2496);
#929=VERTEX_POINT('',#2498);
#930=VERTEX_POINT('',#2500);
#931=VERTEX_POINT('',#2502);
#932=VERTEX_POINT('',#2504);
#933=VERTEX_POINT('',#2509);
#934=VERTEX_POINT('',#2511);
#935=VERTEX_POINT('',#2513);
#936=VERTEX_POINT('',#2515);
#937=VERTEX_POINT('',#2517);
#938=VERTEX_POINT('',#2519);
#939=VERTEX_POINT('',#2523);
#940=VERTEX_POINT('',#2525);
#941=VERTEX_POINT('',#2538);
#942=VERTEX_POINT('',#2540);
#943=VERTEX_POINT('',#2542);
#944=VERTEX_POINT('',#2544);
#945=VERTEX_POINT('',#2546);
#946=VERTEX_POINT('',#2548);
#947=VERTEX_POINT('',#2550);
#948=VERTEX_POINT('',#2552);
#949=VERTEX_POINT('',#2556);
#950=VERTEX_POINT('',#2558);
#951=VERTEX_POINT('',#2571);
#952=VERTEX_POINT('',#2573);
#953=VERTEX_POINT('',#2575);
#954=VERTEX_POINT('',#2577);
#955=VERTEX_POINT('',#2579);
#956=VERTEX_POINT('',#2580);
#957=VERTEX_POINT('',#2582);
#958=VERTEX_POINT('',#2584);
#959=VERTEX_POINT('',#2586);
#960=VERTEX_POINT('',#2588);
#961=VERTEX_POINT('',#2590);
#962=VERTEX_POINT('',#2592);
#963=VERTEX_POINT('',#2594);
#964=VERTEX_POINT('',#2596);
#965=VERTEX_POINT('',#2598);
#966=VERTEX_POINT('',#2600);
#967=VERTEX_POINT('',#2602);
#968=VERTEX_POINT('',#2604);
#969=VERTEX_POINT('',#2606);
#970=VERTEX_POINT('',#2608);
#971=VERTEX_POINT('',#2610);
#972=VERTEX_POINT('',#2612);
#973=VERTEX_POINT('',#2614);
#974=VERTEX_POINT('',#2616);
#975=VERTEX_POINT('',#2618);
#976=VERTEX_POINT('',#2620);
#977=VERTEX_POINT('',#2622);
#978=VERTEX_POINT('',#2624);
#979=VERTEX_POINT('',#2627);
#980=VERTEX_POINT('',#2629);
#981=VERTEX_POINT('',#2631);
#982=VERTEX_POINT('',#2633);
#983=VERTEX_POINT('',#2636);
#984=VERTEX_POINT('',#2638);
#985=VERTEX_POINT('',#2640);
#986=VERTEX_POINT('',#2642);
#987=VERTEX_POINT('',#2645);
#988=VERTEX_POINT('',#2648);
#989=VERTEX_POINT('',#2651);
#990=VERTEX_POINT('',#2654);
#991=VERTEX_POINT('',#2657);
#992=VERTEX_POINT('',#2661);
#993=VERTEX_POINT('',#2665);
#994=VERTEX_POINT('',#2669);
#995=VERTEX_POINT('',#2678);
#996=VERTEX_POINT('',#2680);
#997=VERTEX_POINT('',#2682);
#998=VERTEX_POINT('',#2687);
#999=VERTEX_POINT('',#2689);
#1000=VERTEX_POINT('',#2691);
#1001=VERTEX_POINT('',#2696);
#1002=VERTEX_POINT('',#2698);
#1003=VERTEX_POINT('',#2700);
#1004=VERTEX_POINT('',#2702);
#1005=VERTEX_POINT('',#2705);
#1006=VERTEX_POINT('',#2707);
#1007=VERTEX_POINT('',#2731);
#1008=VERTEX_POINT('',#2733);
#1009=VERTEX_POINT('',#2737);
#1010=VERTEX_POINT('',#2739);
#1011=VERTEX_POINT('',#2743);
#1012=VERTEX_POINT('',#2745);
#1013=VERTEX_POINT('',#2749);
#1014=VERTEX_POINT('',#2751);
#1015=LINE('',#2360,#1091);
#1016=LINE('',#2365,#1092);
#1017=LINE('',#2369,#1093);
#1018=LINE('',#2374,#1094);
#1019=LINE('',#2378,#1095);
#1020=LINE('',#2383,#1096);
#1021=LINE('',#2387,#1097);
#1022=LINE('',#2392,#1098);
#1023=LINE('',#2396,#1099);
#1024=LINE('',#2401,#1100);
#1025=LINE('',#2405,#1101);
#1026=LINE('',#2410,#1102);
#1027=LINE('',#2414,#1103);
#1028=LINE('',#2417,#1104);
#1029=LINE('',#2419,#1105);
#1030=LINE('',#2421,#1106);
#1031=LINE('',#2426,#1107);
#1032=LINE('',#2428,#1108);
#1033=LINE('',#2430,#1109);
#1034=LINE('',#2432,#1110);
#1035=LINE('',#2434,#1111);
#1036=LINE('',#2436,#1112);
#1037=LINE('',#2438,#1113);
#1038=LINE('',#2442,#1114);
#1039=LINE('',#2444,#1115);
#1040=LINE('',#2447,#1116);
#1041=LINE('',#2451,#1117);
#1042=LINE('',#2455,#1118);
#1043=LINE('',#2457,#1119);
#1044=LINE('',#2459,#1120);
#1045=LINE('',#2461,#1121);
#1046=LINE('',#2463,#1122);
#1047=LINE('',#2465,#1123);
#1048=LINE('',#2468,#1124);
#1049=LINE('',#2470,#1125);
#1050=LINE('',#2474,#1126);
#1051=LINE('',#2478,#1127);
#1052=LINE('',#2480,#1128);
#1053=LINE('',#2482,#1129);
#1054=LINE('',#2484,#1130);
#1055=LINE('',#2486,#1131);
#1056=LINE('',#2488,#1132);
#1057=LINE('',#2490,#1133);
#1058=LINE('',#2492,#1134);
#1059=LINE('',#2493,#1135);
#1060=LINE('',#2495,#1136);
#1061=LINE('',#2499,#1137);
#1062=LINE('',#2503,#1138);
#1063=LINE('',#2505,#1139);
#1064=LINE('',#2507,#1140);
#1065=LINE('',#2508,#1141);
#1066=LINE('',#2510,#1142);
#1067=LINE('',#2514,#1143);
#1068=LINE('',#2518,#1144);
#1069=LINE('',#2520,#1145);
#1070=LINE('',#2524,#1146);
#1071=LINE('',#2537,#1147);
#1072=LINE('',#2539,#1148);
#1073=LINE('',#2541,#1149);
#1074=LINE('',#2543,#1150);
#1075=LINE('',#2547,#1151);
#1076=LINE('',#2551,#1152);
#1077=LINE('',#2553,#1153);
#1078=LINE('',#2557,#1154);
#1079=LINE('',#2581,#1155);
#1080=LINE('',#2593,#1156);
#1081=LINE('',#2605,#1157);
#1082=LINE('',#2617,#1158);
#1083=LINE('',#2730,#1159);
#1084=LINE('',#2734,#1160);
#1085=LINE('',#2736,#1161);
#1086=LINE('',#2740,#1162);
#1087=LINE('',#2742,#1163);
#1088=LINE('',#2746,#1164);
#1089=LINE('',#2748,#1165);
#1090=LINE('',#2752,#1166);
#1091=VECTOR('',#1810,1.);
#1092=VECTOR('',#1813,1.);
#1093=VECTOR('',#1818,1.);
#1094=VECTOR('',#1821,1.);
#1095=VECTOR('',#1826,1.);
#1096=VECTOR('',#1829,1.);
#1097=VECTOR('',#1834,1.);
#1098=VECTOR('',#1837,1.);
#1099=VECTOR('',#1842,1.);
#1100=VECTOR('',#1845,1.);
#1101=VECTOR('',#1850,1.);
#1102=VECTOR('',#1853,1.);
#1103=VECTOR('',#1858,1.);
#1104=VECTOR('',#1859,1.);
#1105=VECTOR('',#1860,1.);
#1106=VECTOR('',#1861,1.);
#1107=VECTOR('',#1866,1.);
#1108=VECTOR('',#1867,1.);
#1109=VECTOR('',#1868,1.);
#1110=VECTOR('',#1869,1.);
#1111=VECTOR('',#1870,1.);
#1112=VECTOR('',#1871,1.);
#1113=VECTOR('',#1872,1.);
#1114=VECTOR('',#1875,1.);
#1115=VECTOR('',#1878,1.);
#1116=VECTOR('',#1879,1.);
#1117=VECTOR('',#1882,1.);
#1118=VECTOR('',#1885,1.);
#1119=VECTOR('',#1886,1.);
#1120=VECTOR('',#1887,1.);
#1121=VECTOR('',#1888,1.);
#1122=VECTOR('',#1889,1.);
#1123=VECTOR('',#1892,1.);
#1124=VECTOR('',#1893,1.);
#1125=VECTOR('',#1894,1.);
#1126=VECTOR('',#1897,1.);
#1127=VECTOR('',#1900,1.);
#1128=VECTOR('',#1901,1.);
#1129=VECTOR('',#1902,1.);
#1130=VECTOR('',#1903,1.);
#1131=VECTOR('',#1906,1.);
#1132=VECTOR('',#1907,1.);
#1133=VECTOR('',#1908,1.);
#1134=VECTOR('',#1911,1.);
#1135=VECTOR('',#1912,1.);
#1136=VECTOR('',#1913,1.);
#1137=VECTOR('',#1916,1.);
#1138=VECTOR('',#1919,1.);
#1139=VECTOR('',#1920,1.);
#1140=VECTOR('',#1923,1.);
#1141=VECTOR('',#1924,1.);
#1142=VECTOR('',#1925,1.);
#1143=VECTOR('',#1928,1.);
#1144=VECTOR('',#1931,1.);
#1145=VECTOR('',#1932,1.);
#1146=VECTOR('',#1937,1.);
#1147=VECTOR('',#1960,1.);
#1148=VECTOR('',#1961,1.);
#1149=VECTOR('',#1962,1.);
#1150=VECTOR('',#1963,1.);
#1151=VECTOR('',#1966,1.);
#1152=VECTOR('',#1969,1.);
#1153=VECTOR('',#1970,1.);
#1154=VECTOR('',#1975,1.);
#1155=VECTOR('',#2008,1.);
#1156=VECTOR('',#2019,1.);
#1157=VECTOR('',#2030,1.);
#1158=VECTOR('',#2041,1.);
#1159=VECTOR('',#2202,1.);
#1160=VECTOR('',#2205,1.);
#1161=VECTOR('',#2208,1.);
#1162=VECTOR('',#2211,1.);
#1163=VECTOR('',#2214,1.);
#1164=VECTOR('',#2217,1.);
#1165=VECTOR('',#2220,1.);
#1166=VECTOR('',#2223,1.);
#1167=EDGE_LOOP('',(#201,#202,#203,#204));
#1168=EDGE_LOOP('',(#205,#206,#207,#208));
#1169=EDGE_LOOP('',(#209,#210,#211,#212));
#1170=EDGE_LOOP('',(#213,#214,#215,#216));
#1171=EDGE_LOOP('',(#217,#218,#219,#220));
#1172=EDGE_LOOP('',(#221,#222,#223,#224));
#1173=EDGE_LOOP('',(#225,#226,#227,#228));
#1174=EDGE_LOOP('',(#229,#230,#231,#232,#233,#234,#235,#236,#237,#238));
#1175=EDGE_LOOP('',(#239,#240,#241,#242,#243,#244,#245,#246,#247,#248));
#1176=EDGE_LOOP('',(#249,#250,#251,#252,#253,#254,#255,#256,#257,#258));
#1177=EDGE_LOOP('',(#259,#260,#261,#262));
#1178=EDGE_LOOP('',(#263,#264,#265,#266,#267,#268,#269,#270,#271,#272));
#1179=EDGE_LOOP('',(#273,#274,#275,#276,#277,#278,#279,#280,#281,#282));
#1180=EDGE_LOOP('',(#283,#284,#285,#286));
#1181=EDGE_LOOP('',(#287,#288,#289,#290));
#1182=EDGE_LOOP('',(#291,#292,#293,#294));
#1183=EDGE_LOOP('',(#295,#296,#297,#298));
#1184=EDGE_LOOP('',(#299,#300,#301,#302,#303,#304,#305,#306,#307,#308));
#1185=EDGE_LOOP('',(#309,#310,#311,#312));
#1186=EDGE_LOOP('',(#313,#314,#315,#316));
#1187=EDGE_LOOP('',(#317,#318,#319,#320));
#1188=EDGE_LOOP('',(#321,#322,#323,#324));
#1189=EDGE_LOOP('',(#325));
#1190=EDGE_LOOP('',(#326));
#1191=EDGE_LOOP('',(#327));
#1192=EDGE_LOOP('',(#328));
#1193=EDGE_LOOP('',(#329,#330,#331,#332,#333,#334,#335,#336,#337,#338,#339,
#340,#341,#342,#343,#344,#345,#346,#347,#348,#349,#350,#351,#352));
#1194=EDGE_LOOP('',(#353));
#1195=EDGE_LOOP('',(#354));
#1196=EDGE_LOOP('',(#355));
#1197=EDGE_LOOP('',(#356));
#1198=EDGE_LOOP('',(#357));
#1199=EDGE_LOOP('',(#358));
#1200=EDGE_LOOP('',(#359));
#1201=EDGE_LOOP('',(#360));
#1202=EDGE_LOOP('',(#361,#362,#363,#364,#365,#366,#367,#368));
#1203=EDGE_LOOP('',(#369));
#1204=EDGE_LOOP('',(#370));
#1205=EDGE_LOOP('',(#371));
#1206=EDGE_LOOP('',(#372));
#1207=EDGE_LOOP('',(#373));
#1208=EDGE_LOOP('',(#374));
#1209=EDGE_LOOP('',(#375));
#1210=EDGE_LOOP('',(#376));
#1211=EDGE_LOOP('',(#377));
#1212=EDGE_LOOP('',(#378));
#1213=EDGE_LOOP('',(#379));
#1214=EDGE_LOOP('',(#380));
#1215=EDGE_LOOP('',(#381));
#1216=EDGE_LOOP('',(#382));
#1217=EDGE_LOOP('',(#383));
#1218=EDGE_LOOP('',(#384));
#1219=EDGE_LOOP('',(#385));
#1220=EDGE_LOOP('',(#386));
#1221=EDGE_LOOP('',(#387));
#1222=EDGE_LOOP('',(#388));
#1223=EDGE_LOOP('',(#389));
#1224=EDGE_LOOP('',(#390));
#1225=EDGE_LOOP('',(#391));
#1226=EDGE_LOOP('',(#392));
#1227=EDGE_LOOP('',(#393,#394,#395,#396));
#1228=EDGE_LOOP('',(#397,#398,#399,#400));
#1229=EDGE_LOOP('',(#401,#402,#403,#404));
#1230=EDGE_LOOP('',(#405));
#1231=EDGE_LOOP('',(#406,#407,#408,#409,#410,#411,#412,#413,#414,#415,#416,
#417));
#1232=EDGE_LOOP('',(#418));
#1233=EDGE_LOOP('',(#419,#420,#421,#422,#423,#424,#425,#426,#427,#428,#429,
#430));
#1234=EDGE_LOOP('',(#431));
#1235=EDGE_LOOP('',(#432));
#1236=EDGE_LOOP('',(#433,#434,#435,#436,#437,#438,#439,#440,#441,#442,#443,
#444,#445,#446,#447,#448,#449,#450,#451,#452));
#1237=EDGE_LOOP('',(#453,#454,#455,#456));
#1238=EDGE_LOOP('',(#457,#458,#459,#460));
#1239=EDGE_LOOP('',(#461,#462,#463,#464));
#1240=EDGE_LOOP('',(#465,#466,#467,#468));
#1241=EDGE_LOOP('',(#469,#470,#471,#472));
#1242=EDGE_LOOP('',(#473,#474,#475,#476));
#1243=EDGE_LOOP('',(#477,#478,#479,#480));
#1244=EDGE_LOOP('',(#481,#482,#483,#484));
#1245=EDGE_LOOP('',(#485,#486,#487,#488));
#1246=EDGE_LOOP('',(#489,#490,#491,#492));
#1247=EDGE_LOOP('',(#493,#494,#495,#496));
#1248=EDGE_LOOP('',(#497,#498,#499,#500));
#1249=EDGE_LOOP('',(#501,#502,#503,#504));
#1250=EDGE_LOOP('',(#505,#506,#507,#508));
#1251=EDGE_LOOP('',(#509,#510,#511,#512));
#1252=EDGE_LOOP('',(#513,#514,#515,#516));
#1253=EDGE_LOOP('',(#517,#518,#519,#520));
#1254=EDGE_LOOP('',(#521,#522,#523,#524));
#1255=EDGE_LOOP('',(#525,#526,#527,#528));
#1256=EDGE_LOOP('',(#529,#530,#531,#532));
#1257=EDGE_LOOP('',(#533,#534,#535,#536));
#1258=EDGE_LOOP('',(#537,#538,#539,#540));
#1259=EDGE_LOOP('',(#541,#542,#543,#544));
#1260=EDGE_LOOP('',(#545,#546,#547,#548));
#1261=EDGE_LOOP('',(#549,#550,#551,#552));
#1262=EDGE_LOOP('',(#553,#554,#555,#556));
#1263=EDGE_LOOP('',(#557,#558,#559,#560));
#1264=EDGE_LOOP('',(#561,#562,#563,#564));
#1265=EDGE_LOOP('',(#565,#566,#567,#568));
#1266=EDGE_LOOP('',(#569,#570,#571,#572));
#1267=EDGE_LOOP('',(#573,#574,#575,#576));
#1268=EDGE_LOOP('',(#577,#578,#579,#580));
#1269=EDGE_LOOP('',(#581,#582,#583,#584));
#1270=EDGE_LOOP('',(#585,#586,#587,#588));
#1271=EDGE_LOOP('',(#589,#590,#591,#592));
#1272=EDGE_LOOP('',(#593,#594,#595,#596));
#1273=EDGE_LOOP('',(#597,#598,#599,#600));
#1274=EDGE_LOOP('',(#601,#602,#603,#604));
#1275=EDGE_LOOP('',(#605,#606,#607,#608));
#1276=EDGE_LOOP('',(#609,#610,#611,#612));
#1277=EDGE_LOOP('',(#613,#614,#615,#616));
#1278=EDGE_LOOP('',(#617,#618,#619,#620));
#1279=EDGE_LOOP('',(#621,#622,#623,#624));
#1280=EDGE_LOOP('',(#625,#626,#627,#628));
#1281=EDGE_LOOP('',(#629,#630,#631,#632));
#1282=EDGE_LOOP('',(#633,#634,#635,#636));
#1283=EDGE_LOOP('',(#637));
#1284=EDGE_LOOP('',(#638));
#1285=EDGE_LOOP('',(#639));
#1286=EDGE_LOOP('',(#640));
#1287=EDGE_LOOP('',(#641));
#1288=EDGE_LOOP('',(#642));
#1289=EDGE_LOOP('',(#643));
#1290=EDGE_LOOP('',(#644));
#1291=FACE_BOUND('',#1167,.T.);
#1292=FACE_BOUND('',#1168,.T.);
#1293=FACE_BOUND('',#1169,.T.);
#1294=FACE_BOUND('',#1170,.T.);
#1295=FACE_BOUND('',#1171,.T.);
#1296=FACE_BOUND('',#1172,.T.);
#1297=FACE_BOUND('',#1173,.T.);
#1298=FACE_BOUND('',#1174,.T.);
#1299=FACE_BOUND('',#1175,.T.);
#1300=FACE_BOUND('',#1176,.T.);
#1301=FACE_BOUND('',#1177,.T.);
#1302=FACE_BOUND('',#1178,.T.);
#1303=FACE_BOUND('',#1179,.T.);
#1304=FACE_BOUND('',#1180,.T.);
#1305=FACE_BOUND('',#1181,.T.);
#1306=FACE_BOUND('',#1182,.T.);
#1307=FACE_BOUND('',#1183,.T.);
#1308=FACE_BOUND('',#1184,.T.);
#1309=FACE_BOUND('',#1185,.T.);
#1310=FACE_BOUND('',#1186,.T.);
#1311=FACE_BOUND('',#1187,.T.);
#1312=FACE_BOUND('',#1188,.T.);
#1313=FACE_BOUND('',#1189,.T.);
#1314=FACE_BOUND('',#1190,.T.);
#1315=FACE_BOUND('',#1191,.T.);
#1316=FACE_BOUND('',#1192,.T.);
#1317=FACE_BOUND('',#1193,.T.);
#1318=FACE_BOUND('',#1194,.T.);
#1319=FACE_BOUND('',#1195,.T.);
#1320=FACE_BOUND('',#1196,.T.);
#1321=FACE_BOUND('',#1197,.T.);
#1322=FACE_BOUND('',#1198,.T.);
#1323=FACE_BOUND('',#1199,.T.);
#1324=FACE_BOUND('',#1200,.T.);
#1325=FACE_BOUND('',#1201,.T.);
#1326=FACE_BOUND('',#1202,.T.);
#1327=FACE_BOUND('',#1203,.T.);
#1328=FACE_BOUND('',#1204,.T.);
#1329=FACE_BOUND('',#1205,.T.);
#1330=FACE_BOUND('',#1206,.T.);
#1331=FACE_BOUND('',#1207,.T.);
#1332=FACE_BOUND('',#1208,.T.);
#1333=FACE_BOUND('',#1209,.T.);
#1334=FACE_BOUND('',#1210,.T.);
#1335=FACE_BOUND('',#1211,.T.);
#1336=FACE_BOUND('',#1212,.T.);
#1337=FACE_BOUND('',#1213,.T.);
#1338=FACE_BOUND('',#1214,.T.);
#1339=FACE_BOUND('',#1215,.T.);
#1340=FACE_BOUND('',#1216,.T.);
#1341=FACE_BOUND('',#1217,.T.);
#1342=FACE_BOUND('',#1218,.T.);
#1343=FACE_BOUND('',#1219,.T.);
#1344=FACE_BOUND('',#1220,.T.);
#1345=FACE_BOUND('',#1221,.T.);
#1346=FACE_BOUND('',#1222,.T.);
#1347=FACE_BOUND('',#1223,.T.);
#1348=FACE_BOUND('',#1224,.T.);
#1349=FACE_BOUND('',#1225,.T.);
#1350=FACE_BOUND('',#1226,.T.);
#1351=FACE_BOUND('',#1227,.T.);
#1352=FACE_BOUND('',#1228,.T.);
#1353=FACE_BOUND('',#1229,.T.);
#1354=FACE_BOUND('',#1230,.T.);
#1355=FACE_BOUND('',#1231,.T.);
#1356=FACE_BOUND('',#1232,.T.);
#1357=FACE_BOUND('',#1233,.T.);
#1358=FACE_BOUND('',#1234,.T.);
#1359=FACE_BOUND('',#1235,.T.);
#1360=FACE_BOUND('',#1236,.T.);
#1361=FACE_BOUND('',#1237,.T.);
#1362=FACE_BOUND('',#1238,.T.);
#1363=FACE_BOUND('',#1239,.T.);
#1364=FACE_BOUND('',#1240,.T.);
#1365=FACE_BOUND('',#1241,.T.);
#1366=FACE_BOUND('',#1242,.T.);
#1367=FACE_BOUND('',#1243,.T.);
#1368=FACE_BOUND('',#1244,.T.);
#1369=FACE_BOUND('',#1245,.T.);
#1370=FACE_BOUND('',#1246,.T.);
#1371=FACE_BOUND('',#1247,.T.);
#1372=FACE_BOUND('',#1248,.T.);
#1373=FACE_BOUND('',#1249,.T.);
#1374=FACE_BOUND('',#1250,.T.);
#1375=FACE_BOUND('',#1251,.T.);
#1376=FACE_BOUND('',#1252,.T.);
#1377=FACE_BOUND('',#1253,.T.);
#1378=FACE_BOUND('',#1254,.T.);
#1379=FACE_BOUND('',#1255,.T.);
#1380=FACE_BOUND('',#1256,.T.);
#1381=FACE_BOUND('',#1257,.T.);
#1382=FACE_BOUND('',#1258,.T.);
#1383=FACE_BOUND('',#1259,.T.);
#1384=FACE_BOUND('',#1260,.T.);
#1385=FACE_BOUND('',#1261,.T.);
#1386=FACE_BOUND('',#1262,.T.);
#1387=FACE_BOUND('',#1263,.T.);
#1388=FACE_BOUND('',#1264,.T.);
#1389=FACE_BOUND('',#1265,.T.);
#1390=FACE_BOUND('',#1266,.T.);
#1391=FACE_BOUND('',#1267,.T.);
#1392=FACE_BOUND('',#1268,.T.);
#1393=FACE_BOUND('',#1269,.T.);
#1394=FACE_BOUND('',#1270,.T.);
#1395=FACE_BOUND('',#1271,.T.);
#1396=FACE_BOUND('',#1272,.T.);
#1397=FACE_BOUND('',#1273,.T.);
#1398=FACE_BOUND('',#1274,.T.);
#1399=FACE_BOUND('',#1275,.T.);
#1400=FACE_BOUND('',#1276,.T.);
#1401=FACE_BOUND('',#1277,.T.);
#1402=FACE_BOUND('',#1278,.T.);
#1403=FACE_BOUND('',#1279,.T.);
#1404=FACE_BOUND('',#1280,.T.);
#1405=FACE_BOUND('',#1281,.T.);
#1406=FACE_BOUND('',#1282,.T.);
#1407=FACE_BOUND('',#1283,.T.);
#1408=FACE_BOUND('',#1284,.T.);
#1409=FACE_BOUND('',#1285,.T.);
#1410=FACE_BOUND('',#1286,.T.);
#1411=FACE_BOUND('',#1287,.T.);
#1412=FACE_BOUND('',#1288,.T.);
#1413=FACE_BOUND('',#1289,.T.);
#1414=FACE_BOUND('',#1290,.T.);
#1415=CYLINDRICAL_SURFACE('',#1569,0.00403395800309005);
#1416=CYLINDRICAL_SURFACE('',#1572,0.00403395800309005);
#1417=CYLINDRICAL_SURFACE('',#1575,0.00403394982489089);
#1418=CYLINDRICAL_SURFACE('',#1578,0.00403394982489089);
#1419=CYLINDRICAL_SURFACE('',#1581,0.00403396230306804);
#1420=CYLINDRICAL_SURFACE('',#1584,0.00403412033471238);
#1421=CYLINDRICAL_SURFACE('',#1604,0.00403396230306804);
#1422=CYLINDRICAL_SURFACE('',#1607,0.00303395800309005);
#1423=CYLINDRICAL_SURFACE('',#1610,0.00303396230306804);
#1424=CYLINDRICAL_SURFACE('',#1613,0.00303394982489089);
#1425=CYLINDRICAL_SURFACE('',#1619,0.00403412033471238);
#1426=CYLINDRICAL_SURFACE('',#1622,0.00303412033471233);
#1427=CYLINDRICAL_SURFACE('',#1625,0.0005);
#1428=CYLINDRICAL_SURFACE('',#1628,0.0005);
#1429=CYLINDRICAL_SURFACE('',#1665,0.0011);
#1430=CYLINDRICAL_SURFACE('',#1667,0.0011);
#1431=CYLINDRICAL_SURFACE('',#1669,0.0011);
#1432=CYLINDRICAL_SURFACE('',#1671,0.0011);
#1433=CYLINDRICAL_SURFACE('',#1673,0.00165);
#1434=CYLINDRICAL_SURFACE('',#1676,0.00165);
#1435=CYLINDRICAL_SURFACE('',#1679,0.00165);
#1436=CYLINDRICAL_SURFACE('',#1682,0.00165);
#1437=CYLINDRICAL_SURFACE('',#1687,0.0005);
#1438=CYLINDRICAL_SURFACE('',#1713,0.0005);
#1439=CYLINDRICAL_SURFACE('',#1717,0.0005);
#1440=CYLINDRICAL_SURFACE('',#1721,0.0005);
#1441=CYLINDRICAL_SURFACE('',#1722,0.0005);
#1442=CYLINDRICAL_SURFACE('',#1726,0.0005);
#1443=CYLINDRICAL_SURFACE('',#1730,0.0005);
#1444=CYLINDRICAL_SURFACE('',#1731,0.00146828753594303);
#1445=CYLINDRICAL_SURFACE('',#1733,0.00146828753594303);
#1446=CYLINDRICAL_SURFACE('',#1735,0.00146828753594303);
#1447=CYLINDRICAL_SURFACE('',#1737,0.00146828753594303);
#1448=CYLINDRICAL_SURFACE('',#1739,0.005);
#1449=CYLINDRICAL_SURFACE('',#1741,0.005);
#1450=CYLINDRICAL_SURFACE('',#1743,0.005);
#1451=CYLINDRICAL_SURFACE('',#1745,0.005);
#1452=CYLINDRICAL_SURFACE('',#1747,0.005);
#1453=CYLINDRICAL_SURFACE('',#1749,0.005);
#1454=CYLINDRICAL_SURFACE('',#1751,0.005);
#1455=CYLINDRICAL_SURFACE('',#1753,0.005);
#1456=CYLINDRICAL_SURFACE('',#1755,0.0004);
#1457=CYLINDRICAL_SURFACE('',#1777,0.0004);
#1458=CYLINDRICAL_SURFACE('',#1779,0.0004);
#1459=CYLINDRICAL_SURFACE('',#1801,0.0004);
#1460=CYLINDRICAL_SURFACE('',#1802,0.000675);
#1461=CYLINDRICAL_SURFACE('',#1803,0.000675);
#1462=CYLINDRICAL_SURFACE('',#1804,0.000675);
#1463=CYLINDRICAL_SURFACE('',#1805,0.000675);
#1464=ADVANCED_FACE('',(#1291),#1415,.T.);
#1465=ADVANCED_FACE('',(#1292),#1416,.T.);
#1466=ADVANCED_FACE('',(#1293),#1417,.T.);
#1467=ADVANCED_FACE('',(#1294),#1418,.T.);
#1468=ADVANCED_FACE('',(#1295),#1419,.T.);
#1469=ADVANCED_FACE('',(#1296),#1420,.T.);
#1470=ADVANCED_FACE('',(#1297),#39,.F.);
#1471=ADVANCED_FACE('',(#1298),#40,.F.);
#1472=ADVANCED_FACE('',(#1299),#41,.F.);
#1473=ADVANCED_FACE('',(#1300),#42,.T.);
#1474=ADVANCED_FACE('',(#1301),#43,.T.);
#1475=ADVANCED_FACE('',(#1302),#44,.T.);
#1476=ADVANCED_FACE('',(#1303),#45,.T.);
#1477=ADVANCED_FACE('',(#1304),#1421,.T.);
#1478=ADVANCED_FACE('',(#1305),#1422,.F.);
#1479=ADVANCED_FACE('',(#1306),#1423,.F.);
#1480=ADVANCED_FACE('',(#1307),#1424,.F.);
#1481=ADVANCED_FACE('',(#1308),#46,.T.);
#1482=ADVANCED_FACE('',(#1309),#1425,.T.);
#1483=ADVANCED_FACE('',(#1310),#1426,.F.);
#1484=ADVANCED_FACE('',(#1311),#1427,.T.);
#1485=ADVANCED_FACE('',(#1312),#1428,.T.);
#1486=ADVANCED_FACE('',(#1313,#1314,#1315,#1316,#1317,#1318,#1319,#1320,
#1321),#47,.F.);
#1487=ADVANCED_FACE('',(#1322,#1323,#1324,#1325,#1326),#48,.T.);
#1488=ADVANCED_FACE('',(#1327,#1328),#1429,.F.);
#1489=ADVANCED_FACE('',(#1329,#1330),#1430,.F.);
#1490=ADVANCED_FACE('',(#1331,#1332),#1431,.F.);
#1491=ADVANCED_FACE('',(#1333,#1334),#1432,.F.);
#1492=ADVANCED_FACE('',(#1335,#1336),#1433,.T.);
#1493=ADVANCED_FACE('',(#1337,#1338),#49,.T.);
#1494=ADVANCED_FACE('',(#1339,#1340),#1434,.T.);
#1495=ADVANCED_FACE('',(#1341,#1342),#50,.T.);
#1496=ADVANCED_FACE('',(#1343,#1344),#1435,.T.);
#1497=ADVANCED_FACE('',(#1345,#1346),#51,.T.);
#1498=ADVANCED_FACE('',(#1347,#1348),#1436,.T.);
#1499=ADVANCED_FACE('',(#1349,#1350),#52,.T.);
#1500=ADVANCED_FACE('',(#1351),#13,.T.);
#1501=ADVANCED_FACE('',(#1352),#1437,.T.);
#1502=ADVANCED_FACE('',(#1353),#14,.T.);
#1503=ADVANCED_FACE('',(#1354,#1355),#53,.T.);
#1504=ADVANCED_FACE('',(#1356,#1357),#54,.T.);
#1505=ADVANCED_FACE('',(#1358,#1359,#1360),#55,.T.);
#1506=ADVANCED_FACE('',(#1361),#1438,.T.);
#1507=ADVANCED_FACE('',(#1362),#15,.T.);
#1508=ADVANCED_FACE('',(#1363),#1439,.T.);
#1509=ADVANCED_FACE('',(#1364),#16,.T.);
#1510=ADVANCED_FACE('',(#1365),#1440,.T.);
#1511=ADVANCED_FACE('',(#1366),#1441,.T.);
#1512=ADVANCED_FACE('',(#1367),#17,.T.);
#1513=ADVANCED_FACE('',(#1368),#1442,.T.);
#1514=ADVANCED_FACE('',(#1369),#18,.T.);
#1515=ADVANCED_FACE('',(#1370),#1443,.T.);
#1516=ADVANCED_FACE('',(#1371),#1444,.T.);
#1517=ADVANCED_FACE('',(#1372),#1445,.T.);
#1518=ADVANCED_FACE('',(#1373),#1446,.T.);
#1519=ADVANCED_FACE('',(#1374),#1447,.T.);
#1520=ADVANCED_FACE('',(#1375),#1448,.F.);
#1521=ADVANCED_FACE('',(#1376),#1449,.F.);
#1522=ADVANCED_FACE('',(#1377),#1450,.F.);
#1523=ADVANCED_FACE('',(#1378),#1451,.F.);
#1524=ADVANCED_FACE('',(#1379),#1452,.F.);
#1525=ADVANCED_FACE('',(#1380),#1453,.F.);
#1526=ADVANCED_FACE('',(#1381),#1454,.F.);
#1527=ADVANCED_FACE('',(#1382),#1455,.F.);
#1528=ADVANCED_FACE('',(#1383),#1456,.T.);
#1529=ADVANCED_FACE('',(#1384),#19,.T.);
#1530=ADVANCED_FACE('',(#1385),#20,.T.);
#1531=ADVANCED_FACE('',(#1386),#21,.T.);
#1532=ADVANCED_FACE('',(#1387),#22,.T.);
#1533=ADVANCED_FACE('',(#1388),#23,.T.);
#1534=ADVANCED_FACE('',(#1389),#24,.T.);
#1535=ADVANCED_FACE('',(#1390),#25,.T.);
#1536=ADVANCED_FACE('',(#1391),#26,.T.);
#1537=ADVANCED_FACE('',(#1392),#27,.T.);
#1538=ADVANCED_FACE('',(#1393),#28,.T.);
#1539=ADVANCED_FACE('',(#1394),#1457,.T.);
#1540=ADVANCED_FACE('',(#1395),#1458,.T.);
#1541=ADVANCED_FACE('',(#1396),#29,.T.);
#1542=ADVANCED_FACE('',(#1397),#30,.T.);
#1543=ADVANCED_FACE('',(#1398),#31,.T.);
#1544=ADVANCED_FACE('',(#1399),#32,.T.);
#1545=ADVANCED_FACE('',(#1400),#33,.T.);
#1546=ADVANCED_FACE('',(#1401),#34,.T.);
#1547=ADVANCED_FACE('',(#1402),#35,.T.);
#1548=ADVANCED_FACE('',(#1403),#36,.T.);
#1549=ADVANCED_FACE('',(#1404),#37,.T.);
#1550=ADVANCED_FACE('',(#1405),#38,.T.);
#1551=ADVANCED_FACE('',(#1406),#1459,.T.);
#1552=ADVANCED_FACE('',(#1407,#1408),#1460,.F.);
#1553=ADVANCED_FACE('',(#1409,#1410),#1461,.F.);
#1554=ADVANCED_FACE('',(#1411,#1412),#1462,.F.);
#1555=ADVANCED_FACE('',(#1413,#1414),#1463,.F.);
#1556=CLOSED_SHELL('',(#1464,#1465,#1466,#1467,#1468,#1469,#1470,#1471,
#1472,#1473,#1474,#1475,#1476,#1477,#1478,#1479,#1480,#1481,#1482,#1483,
#1484,#1485,#1486,#1487,#1488,#1489,#1490,#1491,#1492,#1493,#1494,#1495,
#1496,#1497,#1498,#1499,#1500,#1501,#1502,#1503,#1504,#1505,#1506,#1507,
#1508,#1509,#1510,#1511,#1512,#1513,#1514,#1515,#1516,#1517,#1518,#1519,
#1520,#1521,#1522,#1523,#1524,#1525,#1526,#1527,#1528,#1529,#1530,#1531,
#1532,#1533,#1534,#1535,#1536,#1537,#1538,#1539,#1540,#1541,#1542,#1543,
#1544,#1545,#1546,#1547,#1548,#1549,#1550,#1551,#1552,#1553,#1554,#1555));
#1557=STYLED_ITEM('',(#1558),#1565);
#1558=PRESENTATION_STYLE_ASSIGNMENT((#1559));
#1559=SURFACE_STYLE_USAGE(.BOTH.,#1560);
#1560=SURFACE_SIDE_STYLE('',(#1561));
#1561=SURFACE_STYLE_FILL_AREA(#1562);
#1562=FILL_AREA_STYLE('',(#1563));
#1563=FILL_AREA_STYLE_COLOUR('',#1564);
#1564=COLOUR_RGB('',0.262745098039216,0.282352941176471,0.301960784313725);
#1565=MANIFOLD_SOLID_BREP('Part 1',#1556);
#1566=SHAPE_DEFINITION_REPRESENTATION(#2830,#1567);
#1567=SHAPE_REPRESENTATION('Part 1',(#1568),#2825);
#1568=AXIS2_PLACEMENT_3D('',#2358,#1806,#1807);
#1569=AXIS2_PLACEMENT_3D('',#2359,#1808,#1809);
#1570=AXIS2_PLACEMENT_3D('',#2363,#1811,#1812);
#1571=AXIS2_PLACEMENT_3D('',#2367,#1814,#1815);
#1572=AXIS2_PLACEMENT_3D('',#2368,#1816,#1817);
#1573=AXIS2_PLACEMENT_3D('',#2372,#1819,#1820);
#1574=AXIS2_PLACEMENT_3D('',#2376,#1822,#1823);
#1575=AXIS2_PLACEMENT_3D('',#2377,#1824,#1825);
#1576=AXIS2_PLACEMENT_3D('',#2381,#1827,#1828);
#1577=AXIS2_PLACEMENT_3D('',#2385,#1830,#1831);
#1578=AXIS2_PLACEMENT_3D('',#2386,#1832,#1833);
#1579=AXIS2_PLACEMENT_3D('',#2390,#1835,#1836);
#1580=AXIS2_PLACEMENT_3D('',#2394,#1838,#1839);
#1581=AXIS2_PLACEMENT_3D('',#2395,#1840,#1841);
#1582=AXIS2_PLACEMENT_3D('',#2399,#1843,#1844);
#1583=AXIS2_PLACEMENT_3D('',#2403,#1846,#1847);
#1584=AXIS2_PLACEMENT_3D('',#2404,#1848,#1849);
#1585=AXIS2_PLACEMENT_3D('',#2408,#1851,#1852);
#1586=AXIS2_PLACEMENT_3D('',#2412,#1854,#1855);
#1587=AXIS2_PLACEMENT_3D('',#2413,#1856,#1857);
#1588=AXIS2_PLACEMENT_3D('',#2422,#1862,#1863);
#1589=AXIS2_PLACEMENT_3D('',#2423,#1864,#1865);
#1590=AXIS2_PLACEMENT_3D('',#2440,#1873,#1874);
#1591=AXIS2_PLACEMENT_3D('',#2443,#1876,#1877);
#1592=AXIS2_PLACEMENT_3D('',#2449,#1880,#1881);
#1593=AXIS2_PLACEMENT_3D('',#2453,#1883,#1884);
#1594=AXIS2_PLACEMENT_3D('',#2464,#1890,#1891);
#1595=AXIS2_PLACEMENT_3D('',#2472,#1895,#1896);
#1596=AXIS2_PLACEMENT_3D('',#2476,#1898,#1899);
#1597=AXIS2_PLACEMENT_3D('',#2485,#1904,#1905);
#1598=AXIS2_PLACEMENT_3D('',#2491,#1909,#1910);
#1599=AXIS2_PLACEMENT_3D('',#2497,#1914,#1915);
#1600=AXIS2_PLACEMENT_3D('',#2501,#1917,#1918);
#1601=AXIS2_PLACEMENT_3D('',#2506,#1921,#1922);
#1602=AXIS2_PLACEMENT_3D('',#2512,#1926,#1927);
#1603=AXIS2_PLACEMENT_3D('',#2516,#1929,#1930);
#1604=AXIS2_PLACEMENT_3D('',#2521,#1933,#1934);
#1605=AXIS2_PLACEMENT_3D('',#2522,#1935,#1936);
#1606=AXIS2_PLACEMENT_3D('',#2526,#1938,#1939);
#1607=AXIS2_PLACEMENT_3D('',#2527,#1940,#1941);
#1608=AXIS2_PLACEMENT_3D('',#2528,#1942,#1943);
#1609=AXIS2_PLACEMENT_3D('',#2529,#1944,#1945);
#1610=AXIS2_PLACEMENT_3D('',#2530,#1946,#1947);
#1611=AXIS2_PLACEMENT_3D('',#2531,#1948,#1949);
#1612=AXIS2_PLACEMENT_3D('',#2532,#1950,#1951);
#1613=AXIS2_PLACEMENT_3D('',#2533,#1952,#1953);
#1614=AXIS2_PLACEMENT_3D('',#2534,#1954,#1955);
#1615=AXIS2_PLACEMENT_3D('',#2535,#1956,#1957);
#1616=AXIS2_PLACEMENT_3D('',#2536,#1958,#1959);
#1617=AXIS2_PLACEMENT_3D('',#2545,#1964,#1965);
#1618=AXIS2_PLACEMENT_3D('',#2549,#1967,#1968);
#1619=AXIS2_PLACEMENT_3D('',#2554,#1971,#1972);
#1620=AXIS2_PLACEMENT_3D('',#2555,#1973,#1974);
#1621=AXIS2_PLACEMENT_3D('',#2559,#1976,#1977);
#1622=AXIS2_PLACEMENT_3D('',#2560,#1978,#1979);
#1623=AXIS2_PLACEMENT_3D('',#2561,#1980,#1981);
#1624=AXIS2_PLACEMENT_3D('',#2562,#1982,#1983);
#1625=AXIS2_PLACEMENT_3D('',#2563,#1984,#1985);
#1626=AXIS2_PLACEMENT_3D('',#2564,#1986,#1987);
#1627=AXIS2_PLACEMENT_3D('',#2565,#1988,#1989);
#1628=AXIS2_PLACEMENT_3D('',#2566,#1990,#1991);
#1629=AXIS2_PLACEMENT_3D('',#2567,#1992,#1993);
#1630=AXIS2_PLACEMENT_3D('',#2568,#1994,#1995);
#1631=AXIS2_PLACEMENT_3D('',#2569,#1996,#1997);
#1632=AXIS2_PLACEMENT_3D('',#2570,#1998,#1999);
#1633=AXIS2_PLACEMENT_3D('',#2572,#2000,#2001);
#1634=AXIS2_PLACEMENT_3D('',#2574,#2002,#2003);
#1635=AXIS2_PLACEMENT_3D('',#2576,#2004,#2005);
#1636=AXIS2_PLACEMENT_3D('',#2578,#2006,#2007);
#1637=AXIS2_PLACEMENT_3D('',#2583,#2009,#2010);
#1638=AXIS2_PLACEMENT_3D('',#2585,#2011,#2012);
#1639=AXIS2_PLACEMENT_3D('',#2587,#2013,#2014);
#1640=AXIS2_PLACEMENT_3D('',#2589,#2015,#2016);
#1641=AXIS2_PLACEMENT_3D('',#2591,#2017,#2018);
#1642=AXIS2_PLACEMENT_3D('',#2595,#2020,#2021);
#1643=AXIS2_PLACEMENT_3D('',#2597,#2022,#2023);
#1644=AXIS2_PLACEMENT_3D('',#2599,#2024,#2025);
#1645=AXIS2_PLACEMENT_3D('',#2601,#2026,#2027);
#1646=AXIS2_PLACEMENT_3D('',#2603,#2028,#2029);
#1647=AXIS2_PLACEMENT_3D('',#2607,#2031,#2032);
#1648=AXIS2_PLACEMENT_3D('',#2609,#2033,#2034);
#1649=AXIS2_PLACEMENT_3D('',#2611,#2035,#2036);
#1650=AXIS2_PLACEMENT_3D('',#2613,#2037,#2038);
#1651=AXIS2_PLACEMENT_3D('',#2615,#2039,#2040);
#1652=AXIS2_PLACEMENT_3D('',#2619,#2042,#2043);
#1653=AXIS2_PLACEMENT_3D('',#2621,#2044,#2045);
#1654=AXIS2_PLACEMENT_3D('',#2623,#2046,#2047);
#1655=AXIS2_PLACEMENT_3D('',#2625,#2048,#2049);
#1656=AXIS2_PLACEMENT_3D('',#2626,#2050,#2051);
#1657=AXIS2_PLACEMENT_3D('',#2628,#2052,#2053);
#1658=AXIS2_PLACEMENT_3D('',#2630,#2054,#2055);
#1659=AXIS2_PLACEMENT_3D('',#2632,#2056,#2057);
#1660=AXIS2_PLACEMENT_3D('',#2634,#2058,#2059);
#1661=AXIS2_PLACEMENT_3D('',#2635,#2060,#2061);
#1662=AXIS2_PLACEMENT_3D('',#2637,#2062,#2063);
#1663=AXIS2_PLACEMENT_3D('',#2639,#2064,#2065);
#1664=AXIS2_PLACEMENT_3D('',#2641,#2066,#2067);
#1665=AXIS2_PLACEMENT_3D('',#2643,#2068,#2069);
#1666=AXIS2_PLACEMENT_3D('',#2644,#2070,#2071);
#1667=AXIS2_PLACEMENT_3D('',#2646,#2072,#2073);
#1668=AXIS2_PLACEMENT_3D('',#2647,#2074,#2075);
#1669=AXIS2_PLACEMENT_3D('',#2649,#2076,#2077);
#1670=AXIS2_PLACEMENT_3D('',#2650,#2078,#2079);
#1671=AXIS2_PLACEMENT_3D('',#2652,#2080,#2081);
#1672=AXIS2_PLACEMENT_3D('',#2653,#2082,#2083);
#1673=AXIS2_PLACEMENT_3D('',#2655,#2084,#2085);
#1674=AXIS2_PLACEMENT_3D('',#2656,#2086,#2087);
#1675=AXIS2_PLACEMENT_3D('',#2658,#2088,#2089);
#1676=AXIS2_PLACEMENT_3D('',#2659,#2090,#2091);
#1677=AXIS2_PLACEMENT_3D('',#2660,#2092,#2093);
#1678=AXIS2_PLACEMENT_3D('',#2662,#2094,#2095);
#1679=AXIS2_PLACEMENT_3D('',#2663,#2096,#2097);
#1680=AXIS2_PLACEMENT_3D('',#2664,#2098,#2099);
#1681=AXIS2_PLACEMENT_3D('',#2666,#2100,#2101);
#1682=AXIS2_PLACEMENT_3D('',#2667,#2102,#2103);
#1683=AXIS2_PLACEMENT_3D('',#2668,#2104,#2105);
#1684=AXIS2_PLACEMENT_3D('',#2670,#2106,#2107);
#1685=AXIS2_PLACEMENT_3D('',#2671,#2108,#2109);
#1686=AXIS2_PLACEMENT_3D('',#2672,#2110,#2111);
#1687=AXIS2_PLACEMENT_3D('',#2673,#2112,#2113);
#1688=AXIS2_PLACEMENT_3D('',#2674,#2114,#2115);
#1689=AXIS2_PLACEMENT_3D('',#2675,#2116,#2117);
#1690=AXIS2_PLACEMENT_3D('',#2676,#2118,#2119);
#1691=AXIS2_PLACEMENT_3D('',#2677,#2120,#2121);
#1692=AXIS2_PLACEMENT_3D('',#2679,#2122,#2123);
#1693=AXIS2_PLACEMENT_3D('',#2681,#2124,#2125);
#1694=AXIS2_PLACEMENT_3D('',#2683,#2126,#2127);
#1695=AXIS2_PLACEMENT_3D('',#2684,#2128,#2129);
#1696=AXIS2_PLACEMENT_3D('',#2685,#2130,#2131);
#1697=AXIS2_PLACEMENT_3D('',#2686,#2132,#2133);
#1698=AXIS2_PLACEMENT_3D('',#2688,#2134,#2135);
#1699=AXIS2_PLACEMENT_3D('',#2690,#2136,#2137);
#1700=AXIS2_PLACEMENT_3D('',#2692,#2138,#2139);
#1701=AXIS2_PLACEMENT_3D('',#2693,#2140,#2141);
#1702=AXIS2_PLACEMENT_3D('',#2694,#2142,#2143);
#1703=AXIS2_PLACEMENT_3D('',#2695,#2144,#2145);
#1704=AXIS2_PLACEMENT_3D('',#2697,#2146,#2147);
#1705=AXIS2_PLACEMENT_3D('',#2699,#2148,#2149);
#1706=AXIS2_PLACEMENT_3D('',#2701,#2150,#2151);
#1707=AXIS2_PLACEMENT_3D('',#2703,#2152,#2153);
#1708=AXIS2_PLACEMENT_3D('',#2704,#2154,#2155);
#1709=AXIS2_PLACEMENT_3D('',#2706,#2156,#2157);
#1710=AXIS2_PLACEMENT_3D('',#2708,#2158,#2159);
#1711=AXIS2_PLACEMENT_3D('',#2709,#2160,#2161);
#1712=AXIS2_PLACEMENT_3D('',#2710,#2162,#2163);
#1713=AXIS2_PLACEMENT_3D('',#2711,#2164,#2165);
#1714=AXIS2_PLACEMENT_3D('',#2712,#2166,#2167);
#1715=AXIS2_PLACEMENT_3D('',#2713,#2168,#2169);
#1716=AXIS2_PLACEMENT_3D('',#2714,#2170,#2171);
#1717=AXIS2_PLACEMENT_3D('',#2715,#2172,#2173);
#1718=AXIS2_PLACEMENT_3D('',#2716,#2174,#2175);
#1719=AXIS2_PLACEMENT_3D('',#2717,#2176,#2177);
#1720=AXIS2_PLACEMENT_3D('',#2718,#2178,#2179);
#1721=AXIS2_PLACEMENT_3D('',#2719,#2180,#2181);
#1722=AXIS2_PLACEMENT_3D('',#2720,#2182,#2183);
#1723=AXIS2_PLACEMENT_3D('',#2721,#2184,#2185);
#1724=AXIS2_PLACEMENT_3D('',#2722,#2186,#2187);
#1725=AXIS2_PLACEMENT_3D('',#2723,#2188,#2189);
#1726=AXIS2_PLACEMENT_3D('',#2724,#2190,#2191);
#1727=AXIS2_PLACEMENT_3D('',#2725,#2192,#2193);
#1728=AXIS2_PLACEMENT_3D('',#2726,#2194,#2195);
#1729=AXIS2_PLACEMENT_3D('',#2727,#2196,#2197);
#1730=AXIS2_PLACEMENT_3D('',#2728,#2198,#2199);
#1731=AXIS2_PLACEMENT_3D('',#2729,#2200,#2201);
#1732=AXIS2_PLACEMENT_3D('',#2732,#2203,#2204);
#1733=AXIS2_PLACEMENT_3D('',#2735,#2206,#2207);
#1734=AXIS2_PLACEMENT_3D('',#2738,#2209,#2210);
#1735=AXIS2_PLACEMENT_3D('',#2741,#2212,#2213);
#1736=AXIS2_PLACEMENT_3D('',#2744,#2215,#2216);
#1737=AXIS2_PLACEMENT_3D('',#2747,#2218,#2219);
#1738=AXIS2_PLACEMENT_3D('',#2750,#2221,#2222);
#1739=AXIS2_PLACEMENT_3D('',#2753,#2224,#2225);
#1740=AXIS2_PLACEMENT_3D('',#2754,#2226,#2227);
#1741=AXIS2_PLACEMENT_3D('',#2755,#2228,#2229);
#1742=AXIS2_PLACEMENT_3D('',#2756,#2230,#2231);
#1743=AXIS2_PLACEMENT_3D('',#2757,#2232,#2233);
#1744=AXIS2_PLACEMENT_3D('',#2758,#2234,#2235);
#1745=AXIS2_PLACEMENT_3D('',#2759,#2236,#2237);
#1746=AXIS2_PLACEMENT_3D('',#2760,#2238,#2239);
#1747=AXIS2_PLACEMENT_3D('',#2761,#2240,#2241);
#1748=AXIS2_PLACEMENT_3D('',#2762,#2242,#2243);
#1749=AXIS2_PLACEMENT_3D('',#2763,#2244,#2245);
#1750=AXIS2_PLACEMENT_3D('',#2764,#2246,#2247);
#1751=AXIS2_PLACEMENT_3D('',#2765,#2248,#2249);
#1752=AXIS2_PLACEMENT_3D('',#2766,#2250,#2251);
#1753=AXIS2_PLACEMENT_3D('',#2767,#2252,#2253);
#1754=AXIS2_PLACEMENT_3D('',#2768,#2254,#2255);
#1755=AXIS2_PLACEMENT_3D('',#2769,#2256,#2257);
#1756=AXIS2_PLACEMENT_3D('',#2774,#2258,#2259);
#1757=AXIS2_PLACEMENT_3D('',#2775,#2260,#2261);
#1758=AXIS2_PLACEMENT_3D('',#2776,#2262,#2263);
#1759=AXIS2_PLACEMENT_3D('',#2777,#2264,#2265);
#1760=AXIS2_PLACEMENT_3D('',#2778,#2266,#2267);
#1761=AXIS2_PLACEMENT_3D('',#2779,#2268,#2269);
#1762=AXIS2_PLACEMENT_3D('',#2780,#2270,#2271);
#1763=AXIS2_PLACEMENT_3D('',#2781,#2272,#2273);
#1764=AXIS2_PLACEMENT_3D('',#2782,#2274,#2275);
#1765=AXIS2_PLACEMENT_3D('',#2783,#2276,#2277);
#1766=AXIS2_PLACEMENT_3D('',#2784,#2278,#2279);
#1767=AXIS2_PLACEMENT_3D('',#2785,#2280,#2281);
#1768=AXIS2_PLACEMENT_3D('',#2786,#2282,#2283);
#1769=AXIS2_PLACEMENT_3D('',#2787,#2284,#2285);
#1770=AXIS2_PLACEMENT_3D('',#2788,#2286,#2287);
#1771=AXIS2_PLACEMENT_3D('',#2789,#2288,#2289);
#1772=AXIS2_PLACEMENT_3D('',#2790,#2290,#2291);
#1773=AXIS2_PLACEMENT_3D('',#2791,#2292,#2293);
#1774=AXIS2_PLACEMENT_3D('',#2792,#2294,#2295);
#1775=AXIS2_PLACEMENT_3D('',#2793,#2296,#2297);
#1776=AXIS2_PLACEMENT_3D('',#2794,#2298,#2299);
#1777=AXIS2_PLACEMENT_3D('',#2795,#2300,#2301);
#1778=AXIS2_PLACEMENT_3D('',#2796,#2302,#2303);
#1779=AXIS2_PLACEMENT_3D('',#2797,#2304,#2305);
#1780=AXIS2_PLACEMENT_3D('',#2798,#2306,#2307);
#1781=AXIS2_PLACEMENT_3D('',#2799,#2308,#2309);
#1782=AXIS2_PLACEMENT_3D('',#2800,#2310,#2311);
#1783=AXIS2_PLACEMENT_3D('',#2801,#2312,#2313);
#1784=AXIS2_PLACEMENT_3D('',#2802,#2314,#2315);
#1785=AXIS2_PLACEMENT_3D('',#2803,#2316,#2317);
#1786=AXIS2_PLACEMENT_3D('',#2804,#2318,#2319);
#1787=AXIS2_PLACEMENT_3D('',#2805,#2320,#2321);
#1788=AXIS2_PLACEMENT_3D('',#2806,#2322,#2323);
#1789=AXIS2_PLACEMENT_3D('',#2807,#2324,#2325);
#1790=AXIS2_PLACEMENT_3D('',#2808,#2326,#2327);
#1791=AXIS2_PLACEMENT_3D('',#2809,#2328,#2329);
#1792=AXIS2_PLACEMENT_3D('',#2810,#2330,#2331);
#1793=AXIS2_PLACEMENT_3D('',#2811,#2332,#2333);
#1794=AXIS2_PLACEMENT_3D('',#2812,#2334,#2335);
#1795=AXIS2_PLACEMENT_3D('',#2813,#2336,#2337);
#1796=AXIS2_PLACEMENT_3D('',#2814,#2338,#2339);
#1797=AXIS2_PLACEMENT_3D('',#2815,#2340,#2341);
#1798=AXIS2_PLACEMENT_3D('',#2816,#2342,#2343);
#1799=AXIS2_PLACEMENT_3D('',#2817,#2344,#2345);
#1800=AXIS2_PLACEMENT_3D('',#2818,#2346,#2347);
#1801=AXIS2_PLACEMENT_3D('',#2819,#2348,#2349);
#1802=AXIS2_PLACEMENT_3D('',#2820,#2350,#2351);
#1803=AXIS2_PLACEMENT_3D('',#2821,#2352,#2353);
#1804=AXIS2_PLACEMENT_3D('',#2822,#2354,#2355);
#1805=AXIS2_PLACEMENT_3D('',#2823,#2356,#2357);
#1806=DIRECTION('',(0.,0.,1.));
#1807=DIRECTION('',(1.,0.,0.));
#1808=DIRECTION('',(0.,0.,-1.));
#1809=DIRECTION('',(-1.,0.,0.));
#1810=DIRECTION('',(0.,0.,-1.));
#1811=DIRECTION('',(0.,0.,1.));
#1812=DIRECTION('',(1.,0.,0.));
#1813=DIRECTION('',(0.,0.,-1.));
#1814=DIRECTION('',(0.,0.,1.));
#1815=DIRECTION('',(1.,0.,0.));
#1816=DIRECTION('',(0.,0.,-1.));
#1817=DIRECTION('',(-1.,0.,0.));
#1818=DIRECTION('',(0.,0.,-1.));
#1819=DIRECTION('',(0.,0.,1.));
#1820=DIRECTION('',(1.,0.,0.));
#1821=DIRECTION('',(0.,0.,-1.));
#1822=DIRECTION('',(0.,0.,1.));
#1823=DIRECTION('',(1.,0.,0.));
#1824=DIRECTION('',(0.,0.,-1.));
#1825=DIRECTION('',(-1.,0.,0.));
#1826=DIRECTION('',(0.,0.,-1.));
#1827=DIRECTION('',(0.,0.,1.));
#1828=DIRECTION('',(1.,0.,0.));
#1829=DIRECTION('',(0.,0.,-1.));
#1830=DIRECTION('',(0.,0.,1.));
#1831=DIRECTION('',(1.,0.,0.));
#1832=DIRECTION('',(0.,0.,-1.));
#1833=DIRECTION('',(-1.,0.,0.));
#1834=DIRECTION('',(0.,0.,-1.));
#1835=DIRECTION('',(0.,0.,1.));
#1836=DIRECTION('',(1.,0.,0.));
#1837=DIRECTION('',(0.,0.,-1.));
#1838=DIRECTION('',(0.,0.,1.));
#1839=DIRECTION('',(1.,0.,0.));
#1840=DIRECTION('',(0.,0.,-1.));
#1841=DIRECTION('',(-1.,0.,0.));
#1842=DIRECTION('',(0.,0.,-1.));
#1843=DIRECTION('',(0.,0.,1.));
#1844=DIRECTION('',(1.,0.,0.));
#1845=DIRECTION('',(0.,0.,-1.));
#1846=DIRECTION('',(0.,0.,1.));
#1847=DIRECTION('',(1.,0.,0.));
#1848=DIRECTION('',(0.,0.,-1.));
#1849=DIRECTION('',(-1.,0.,0.));
#1850=DIRECTION('',(0.,0.,-1.));
#1851=DIRECTION('',(0.,0.,1.));
#1852=DIRECTION('',(1.,0.,0.));
#1853=DIRECTION('',(0.,0.,-1.));
#1854=DIRECTION('',(0.,0.,1.));
#1855=DIRECTION('',(1.,0.,0.));
#1856=DIRECTION('',(-0.000585199317355056,0.999999828770865,0.));
#1857=DIRECTION('',(-0.999999828770865,-0.000585199317355056,0.));
#1858=DIRECTION('',(0.999999828770865,0.000585199317355056,0.));
#1859=DIRECTION('',(0.,0.,-1.));
#1860=DIRECTION('',(-0.999999828770865,-0.000585199317355056,0.));
#1861=DIRECTION('',(0.,0.,-1.));
#1862=DIRECTION('',(-0.99999996073468,-0.000280233187232919,0.));
#1863=DIRECTION('',(0.000280233187232919,-0.99999996073468,0.));
#1864=DIRECTION('',(-0.99999996073468,-0.000280233187232919,0.));
#1865=DIRECTION('',(0.000280233187232919,-0.99999996073468,0.));
#1866=DIRECTION('',(0.,0.,1.));
#1867=DIRECTION('',(-0.000280233187232919,0.99999996073468,0.));
#1868=DIRECTION('',(0.,0.,-1.));
#1869=DIRECTION('',(0.000280233187232919,-0.99999996073468,0.));
#1870=DIRECTION('',(0.,0.,-1.));
#1871=DIRECTION('',(-0.000280233187232919,0.99999996073468,0.));
#1872=DIRECTION('',(0.,0.,-1.));
#1873=DIRECTION('',(-0.99999996073468,-0.000280233187232919,0.));
#1874=DIRECTION('',(0.000280233187232919,-0.99999996073468,0.));
#1875=DIRECTION('',(0.000280233187232919,-0.99999996073468,0.));
#1876=DIRECTION('',(0.99999996073468,0.000280233187233684,0.));
#1877=DIRECTION('',(-0.000280233187233684,0.99999996073468,0.));
#1878=DIRECTION('',(0.000280233187233684,-0.99999996073468,0.));
#1879=DIRECTION('',(0.,0.,-1.));
#1880=DIRECTION('',(0.99999996073468,0.000280233187233684,0.));
#1881=DIRECTION('',(-0.000280233187233684,0.99999996073468,0.));
#1882=DIRECTION('',(-0.000280233187233684,0.99999996073468,0.));
#1883=DIRECTION('',(0.99999996073468,0.000280233187233684,0.));
#1884=DIRECTION('',(-0.000280233187233684,0.99999996073468,0.));
#1885=DIRECTION('',(0.,0.,1.));
#1886=DIRECTION('',(0.000280233187233684,-0.99999996073468,0.));
#1887=DIRECTION('',(0.,0.,-1.));
#1888=DIRECTION('',(-0.000280233187233684,0.99999996073468,0.));
#1889=DIRECTION('',(0.,0.,-1.));
#1890=DIRECTION('',(-0.000585205856553568,0.999999828767038,0.));
#1891=DIRECTION('',(-0.999999828767038,-0.000585205856553568,0.));
#1892=DIRECTION('',(0.,0.,-1.));
#1893=DIRECTION('',(0.999999828767038,0.000585205856553568,0.));
#1894=DIRECTION('',(0.,0.,1.));
#1895=DIRECTION('',(-0.000585205856553568,0.999999828767038,0.));
#1896=DIRECTION('',(-0.999999828767038,-0.000585205856553568,0.));
#1897=DIRECTION('',(-0.999999828767038,-0.000585205856553568,0.));
#1898=DIRECTION('',(-0.000585205856553568,0.999999828767038,0.));
#1899=DIRECTION('',(-0.999999828767038,-0.000585205856553568,0.));
#1900=DIRECTION('',(0.,0.,-1.));
#1901=DIRECTION('',(0.999999828767038,0.000585205856553568,0.));
#1902=DIRECTION('',(0.,0.,-1.));
#1903=DIRECTION('',(-0.999999828767038,-0.000585205856553568,0.));
#1904=DIRECTION('',(-0.00058519931735503,0.999999828770865,0.));
#1905=DIRECTION('',(-0.999999828770865,-0.00058519931735503,0.));
#1906=DIRECTION('',(0.999999828770865,0.00058519931735503,0.));
#1907=DIRECTION('',(0.,0.,-1.));
#1908=DIRECTION('',(0.999999828770865,0.00058519931735503,0.));
#1909=DIRECTION('',(-0.99999996073468,-0.000280233187232942,0.));
#1910=DIRECTION('',(0.000280233187232942,-0.99999996073468,0.));
#1911=DIRECTION('',(-0.000280233187232942,0.99999996073468,0.));
#1912=DIRECTION('',(-0.000280233187232942,0.99999996073468,0.));
#1913=DIRECTION('',(0.,0.,1.));
#1914=DIRECTION('',(-0.99999996073468,-0.000280233187232942,0.));
#1915=DIRECTION('',(0.000280233187232942,-0.99999996073468,0.));
#1916=DIRECTION('',(0.000280233187232942,-0.99999996073468,0.));
#1917=DIRECTION('',(-0.99999996073468,-0.000280233187232942,0.));
#1918=DIRECTION('',(0.000280233187232942,-0.99999996073468,0.));
#1919=DIRECTION('',(0.,0.,-1.));
#1920=DIRECTION('',(-0.000280233187232942,0.99999996073468,0.));
#1921=DIRECTION('',(0.99999996073468,0.000280233187233702,0.));
#1922=DIRECTION('',(-0.000280233187233703,0.99999996073468,0.));
#1923=DIRECTION('',(0.000280233187233703,-0.99999996073468,0.));
#1924=DIRECTION('',(0.000280233187233703,-0.99999996073468,0.));
#1925=DIRECTION('',(0.,0.,1.));
#1926=DIRECTION('',(0.99999996073468,0.000280233187233702,0.));
#1927=DIRECTION('',(-0.000280233187233703,0.99999996073468,0.));
#1928=DIRECTION('',(-0.000280233187233703,0.99999996073468,0.));
#1929=DIRECTION('',(0.99999996073468,0.000280233187233702,0.));
#1930=DIRECTION('',(-0.000280233187233703,0.99999996073468,0.));
#1931=DIRECTION('',(0.,0.,-1.));
#1932=DIRECTION('',(0.000280233187233703,-0.99999996073468,0.));
#1933=DIRECTION('',(0.,0.,-1.));
#1934=DIRECTION('',(-1.,0.,0.));
#1935=DIRECTION('',(0.,0.,1.));
#1936=DIRECTION('',(1.,0.,0.));
#1937=DIRECTION('',(0.,0.,-1.));
#1938=DIRECTION('',(0.,0.,1.));
#1939=DIRECTION('',(1.,0.,0.));
#1940=DIRECTION('',(0.,0.,-1.));
#1941=DIRECTION('',(-1.,0.,0.));
#1942=DIRECTION('',(0.,0.,1.));
#1943=DIRECTION('',(1.,0.,0.));
#1944=DIRECTION('',(0.,0.,1.));
#1945=DIRECTION('',(1.,0.,0.));
#1946=DIRECTION('',(0.,0.,-1.));
#1947=DIRECTION('',(-1.,0.,0.));
#1948=DIRECTION('',(0.,0.,1.));
#1949=DIRECTION('',(1.,0.,0.));
#1950=DIRECTION('',(0.,0.,1.));
#1951=DIRECTION('',(1.,0.,0.));
#1952=DIRECTION('',(0.,0.,-1.));
#1953=DIRECTION('',(-1.,0.,0.));
#1954=DIRECTION('',(0.,0.,1.));
#1955=DIRECTION('',(1.,0.,0.));
#1956=DIRECTION('',(0.,0.,1.));
#1957=DIRECTION('',(1.,0.,0.));
#1958=DIRECTION('',(0.00058520585655348,-0.999999828767038,0.));
#1959=DIRECTION('',(0.999999828767038,0.00058520585655348,0.));
#1960=DIRECTION('',(-0.999999828767038,-0.00058520585655348,0.));
#1961=DIRECTION('',(0.,0.,-1.));
#1962=DIRECTION('',(-0.999999828767038,-0.00058520585655348,0.));
#1963=DIRECTION('',(0.,0.,1.));
#1964=DIRECTION('',(0.00058520585655348,-0.999999828767038,0.));
#1965=DIRECTION('',(0.999999828767038,0.00058520585655348,0.));
#1966=DIRECTION('',(0.999999828767038,0.00058520585655348,0.));
#1967=DIRECTION('',(0.00058520585655348,-0.999999828767038,0.));
#1968=DIRECTION('',(0.999999828767038,0.00058520585655348,0.));
#1969=DIRECTION('',(0.,0.,-1.));
#1970=DIRECTION('',(-0.999999828767038,-0.00058520585655348,0.));
#1971=DIRECTION('',(0.,0.,-1.));
#1972=DIRECTION('',(-1.,0.,0.));
#1973=DIRECTION('',(0.,0.,1.));
#1974=DIRECTION('',(1.,0.,0.));
#1975=DIRECTION('',(0.,0.,-1.));
#1976=DIRECTION('',(0.,0.,1.));
#1977=DIRECTION('',(1.,0.,0.));
#1978=DIRECTION('',(0.,0.,-1.));
#1979=DIRECTION('',(-1.,0.,0.));
#1980=DIRECTION('',(0.,0.,1.));
#1981=DIRECTION('',(1.,0.,0.));
#1982=DIRECTION('',(0.,0.,1.));
#1983=DIRECTION('',(1.,0.,0.));
#1984=DIRECTION('',(0.,0.,1.));
#1985=DIRECTION('',(1.,0.,0.));
#1986=DIRECTION('',(0.,0.,1.));
#1987=DIRECTION('',(1.,0.,0.));
#1988=DIRECTION('',(0.,0.,-1.));
#1989=DIRECTION('',(-1.,0.,0.));
#1990=DIRECTION('',(0.,0.,-1.));
#1991=DIRECTION('',(-1.,0.,0.));
#1992=DIRECTION('',(0.,0.,1.));
#1993=DIRECTION('',(1.,0.,0.));
#1994=DIRECTION('',(0.,0.,-1.));
#1995=DIRECTION('',(-1.,0.,0.));
#1996=DIRECTION('',(0.,0.,1.));
#1997=DIRECTION('',(1.,0.,0.));
#1998=DIRECTION('',(0.,0.,-1.));
#1999=DIRECTION('',(-1.,0.,0.));
#2000=DIRECTION('',(0.,0.,-1.));
#2001=DIRECTION('',(-1.,0.,0.));
#2002=DIRECTION('',(0.,0.,-1.));
#2003=DIRECTION('',(-1.,0.,0.));
#2004=DIRECTION('',(0.,0.,-1.));
#2005=DIRECTION('',(-1.,0.,0.));
#2006=DIRECTION('',(0.,0.,1.));
#2007=DIRECTION('',(1.,0.,0.));
#2008=DIRECTION('',(0.999999828770865,0.00058519931735503,0.));
#2009=DIRECTION('',(0.,0.,1.));
#2010=DIRECTION('',(1.,0.,0.));
#2011=DIRECTION('',(0.,0.,1.));
#2012=DIRECTION('',(1.,0.,0.));
#2013=DIRECTION('',(0.,0.,1.));
#2014=DIRECTION('',(1.,0.,0.));
#2015=DIRECTION('',(0.,0.,1.));
#2016=DIRECTION('',(1.,0.,0.));
#2017=DIRECTION('',(0.,0.,1.));
#2018=DIRECTION('',(1.,0.,0.));
#2019=DIRECTION('',(0.000280233187233703,-0.99999996073468,0.));
#2020=DIRECTION('',(0.,0.,1.));
#2021=DIRECTION('',(1.,0.,0.));
#2022=DIRECTION('',(0.,0.,1.));
#2023=DIRECTION('',(1.,0.,0.));
#2024=DIRECTION('',(0.,0.,1.));
#2025=DIRECTION('',(1.,0.,0.));
#2026=DIRECTION('',(0.,0.,1.));
#2027=DIRECTION('',(1.,0.,0.));
#2028=DIRECTION('',(0.,0.,1.));
#2029=DIRECTION('',(1.,0.,0.));
#2030=DIRECTION('',(-0.999999828767038,-0.00058520585655348,0.));
#2031=DIRECTION('',(0.,0.,1.));
#2032=DIRECTION('',(1.,0.,0.));
#2033=DIRECTION('',(0.,0.,1.));
#2034=DIRECTION('',(1.,0.,0.));
#2035=DIRECTION('',(0.,0.,1.));
#2036=DIRECTION('',(1.,0.,0.));
#2037=DIRECTION('',(0.,0.,1.));
#2038=DIRECTION('',(1.,0.,0.));
#2039=DIRECTION('',(0.,0.,1.));
#2040=DIRECTION('',(1.,0.,0.));
#2041=DIRECTION('',(-0.000280233187232942,0.99999996073468,0.));
#2042=DIRECTION('',(0.,0.,1.));
#2043=DIRECTION('',(1.,0.,0.));
#2044=DIRECTION('',(0.,0.,1.));
#2045=DIRECTION('',(1.,0.,0.));
#2046=DIRECTION('',(0.,0.,1.));
#2047=DIRECTION('',(1.,0.,0.));
#2048=DIRECTION('',(0.,0.,1.));
#2049=DIRECTION('',(1.,0.,0.));
#2050=DIRECTION('',(0.,0.,1.));
#2051=DIRECTION('',(1.,0.,0.));
#2052=DIRECTION('',(0.,0.,1.));
#2053=DIRECTION('',(1.,0.,0.));
#2054=DIRECTION('',(0.,0.,1.));
#2055=DIRECTION('',(1.,0.,0.));
#2056=DIRECTION('',(0.,0.,1.));
#2057=DIRECTION('',(1.,0.,0.));
#2058=DIRECTION('',(0.,0.,1.));
#2059=DIRECTION('',(1.,0.,0.));
#2060=DIRECTION('',(0.,0.,1.));
#2061=DIRECTION('',(1.,0.,0.));
#2062=DIRECTION('',(0.,0.,1.));
#2063=DIRECTION('',(1.,0.,0.));
#2064=DIRECTION('',(0.,0.,1.));
#2065=DIRECTION('',(1.,0.,0.));
#2066=DIRECTION('',(0.,0.,1.));
#2067=DIRECTION('',(1.,0.,0.));
#2068=DIRECTION('',(0.,0.,-1.));
#2069=DIRECTION('',(-1.,0.,0.));
#2070=DIRECTION('',(0.,0.,1.));
#2071=DIRECTION('',(1.,0.,0.));
#2072=DIRECTION('',(0.,0.,-1.));
#2073=DIRECTION('',(-1.,0.,0.));
#2074=DIRECTION('',(0.,0.,1.));
#2075=DIRECTION('',(1.,0.,0.));
#2076=DIRECTION('',(0.,0.,-1.));
#2077=DIRECTION('',(-1.,0.,0.));
#2078=DIRECTION('',(0.,0.,1.));
#2079=DIRECTION('',(1.,0.,0.));
#2080=DIRECTION('',(0.,0.,-1.));
#2081=DIRECTION('',(-1.,0.,0.));
#2082=DIRECTION('',(0.,0.,1.));
#2083=DIRECTION('',(1.,0.,0.));
#2084=DIRECTION('',(0.,0.,-1.));
#2085=DIRECTION('',(-1.,0.,0.));
#2086=DIRECTION('',(0.,0.,1.));
#2087=DIRECTION('',(1.,0.,0.));
#2088=DIRECTION('',(0.,0.,1.));
#2089=DIRECTION('',(1.,0.,0.));
#2090=DIRECTION('',(0.,0.,-1.));
#2091=DIRECTION('',(-1.,0.,0.));
#2092=DIRECTION('',(0.,0.,1.));
#2093=DIRECTION('',(1.,0.,0.));
#2094=DIRECTION('',(0.,0.,1.));
#2095=DIRECTION('',(1.,0.,0.));
#2096=DIRECTION('',(0.,0.,-1.));
#2097=DIRECTION('',(-1.,0.,0.));
#2098=DIRECTION('',(0.,0.,1.));
#2099=DIRECTION('',(1.,0.,0.));
#2100=DIRECTION('',(0.,0.,1.));
#2101=DIRECTION('',(1.,0.,0.));
#2102=DIRECTION('',(0.,0.,-1.));
#2103=DIRECTION('',(-1.,0.,0.));
#2104=DIRECTION('',(0.,0.,1.));
#2105=DIRECTION('',(1.,0.,0.));
#2106=DIRECTION('',(0.,0.,1.));
#2107=DIRECTION('',(1.,0.,0.));
#2108=DIRECTION('',(0.00058520585655348,-0.999999828767038,0.));
#2109=DIRECTION('',(0.999999828767038,0.00058520585655348,0.));
#2110=DIRECTION('',(0.999999828767038,0.000585205856553155,0.));
#2111=DIRECTION('',(-0.000585205856553155,0.999999828767038,0.));
#2112=DIRECTION('',(-0.999999828767038,-0.00058520585655348,0.));
#2113=DIRECTION('',(0.00058520585655348,-0.999999828767038,0.));
#2114=DIRECTION('',(0.999999828767038,0.000585205856553151,0.));
#2115=DIRECTION('',(-0.000585205856553151,0.999999828767038,0.));
#2116=DIRECTION('',(0.00058520585655348,-0.999999828767038,0.));
#2117=DIRECTION('',(0.999999828767038,0.00058520585655348,0.));
#2118=DIRECTION('',(0.,0.,1.));
#2119=DIRECTION('',(1.,0.,0.));
#2120=DIRECTION('',(0.,0.,1.));
#2121=DIRECTION('',(1.,0.,0.));
#2122=DIRECTION('',(0.,0.,1.));
#2123=DIRECTION('',(1.,0.,0.));
#2124=DIRECTION('',(0.,0.,1.));
#2125=DIRECTION('',(1.,0.,0.));
#2126=DIRECTION('',(0.,0.,1.));
#2127=DIRECTION('',(1.,0.,0.));
#2128=DIRECTION('',(0.,0.,1.));
#2129=DIRECTION('',(1.,0.,0.));
#2130=DIRECTION('',(0.,0.,1.));
#2131=DIRECTION('',(1.,0.,0.));
#2132=DIRECTION('',(0.,0.,1.));
#2133=DIRECTION('',(1.,0.,0.));
#2134=DIRECTION('',(0.,0.,1.));
#2135=DIRECTION('',(1.,0.,0.));
#2136=DIRECTION('',(0.,0.,1.));
#2137=DIRECTION('',(1.,0.,0.));
#2138=DIRECTION('',(0.,0.,1.));
#2139=DIRECTION('',(1.,0.,0.));
#2140=DIRECTION('',(0.,0.,1.));
#2141=DIRECTION('',(1.,0.,0.));
#2142=DIRECTION('',(0.,0.,1.));
#2143=DIRECTION('',(1.,0.,0.));
#2144=DIRECTION('',(0.,0.,1.));
#2145=DIRECTION('',(1.,0.,0.));
#2146=DIRECTION('',(0.,0.,1.));
#2147=DIRECTION('',(1.,0.,0.));
#2148=DIRECTION('',(0.,0.,1.));
#2149=DIRECTION('',(1.,0.,0.));
#2150=DIRECTION('',(0.,0.,1.));
#2151=DIRECTION('',(1.,0.,0.));
#2152=DIRECTION('',(0.,0.,1.));
#2153=DIRECTION('',(1.,0.,0.));
#2154=DIRECTION('',(0.,0.,1.));
#2155=DIRECTION('',(1.,0.,0.));
#2156=DIRECTION('',(0.,0.,1.));
#2157=DIRECTION('',(1.,0.,0.));
#2158=DIRECTION('',(0.,0.,1.));
#2159=DIRECTION('',(1.,0.,0.));
#2160=DIRECTION('',(0.,0.,1.));
#2161=DIRECTION('',(1.,0.,0.));
#2162=DIRECTION('',(0.,0.,1.));
#2163=DIRECTION('',(1.,0.,0.));
#2164=DIRECTION('',(0.,0.,1.));
#2165=DIRECTION('',(1.,0.,0.));
#2166=DIRECTION('',(-2.60208511179352E-15,-7.29190632958082E-19,-1.));
#2167=DIRECTION('',(-1.,0.,2.60208511179352E-15));
#2168=DIRECTION('',(-0.99999996073468,-0.000280233187232942,0.));
#2169=DIRECTION('',(0.000280233187232942,-0.99999996073468,0.));
#2170=DIRECTION('',(0.000280233187233484,-0.99999996073468,-3.88901670913383E-18));
#2171=DIRECTION('',(0.99999996073468,0.000280233187233484,0.));
#2172=DIRECTION('',(-0.000280233187232942,0.99999996073468,0.));
#2173=DIRECTION('',(-0.99999996073468,-0.000280233187232942,0.));
#2174=DIRECTION('',(0.000280233187231748,-0.99999996073468,0.));
#2175=DIRECTION('',(0.99999996073468,0.000280233187231748,0.));
#2176=DIRECTION('',(-0.99999996073468,-0.000280233187232942,0.));
#2177=DIRECTION('',(0.000280233187232942,-0.99999996073468,0.));
#2178=DIRECTION('',(0.,0.,1.));
#2179=DIRECTION('',(1.,0.,0.));
#2180=DIRECTION('',(0.,0.,-1.));
#2181=DIRECTION('',(-1.,0.,0.));
#2182=DIRECTION('',(0.,0.,-1.));
#2183=DIRECTION('',(-1.,0.,0.));
#2184=DIRECTION('',(-7.29190632962591E-19,2.6020851117935E-15,-1.));
#2185=DIRECTION('',(0.,1.,2.6020851117935E-15));
#2186=DIRECTION('',(0.99999996073468,0.000280233187233702,0.));
#2187=DIRECTION('',(-0.000280233187233703,0.99999996073468,0.));
#2188=DIRECTION('',(0.000280233187233483,-0.99999996073468,0.));
#2189=DIRECTION('',(0.99999996073468,0.000280233187233483,0.));
#2190=DIRECTION('',(0.000280233187233703,-0.99999996073468,0.));
#2191=DIRECTION('',(0.99999996073468,0.000280233187233702,0.));
#2192=DIRECTION('',(0.000280233187235218,-0.99999996073468,3.46750230737009E-15));
#2193=DIRECTION('',(0.99999996073468,0.000280233187235218,0.));
#2194=DIRECTION('',(0.99999996073468,0.000280233187233702,0.));
#2195=DIRECTION('',(-0.000280233187233703,0.99999996073468,0.));
#2196=DIRECTION('',(0.,0.,1.));
#2197=DIRECTION('',(1.,0.,0.));
#2198=DIRECTION('',(0.,0.,1.));
#2199=DIRECTION('',(1.,0.,0.));
#2200=DIRECTION('',(0.,0.,-1.));
#2201=DIRECTION('',(-1.,0.,0.));
#2202=DIRECTION('',(0.,0.,-1.));
#2203=DIRECTION('',(0.,0.,1.));
#2204=DIRECTION('',(1.,0.,0.));
#2205=DIRECTION('',(0.,0.,-1.));
#2206=DIRECTION('',(0.,0.,-1.));
#2207=DIRECTION('',(-1.,0.,0.));
#2208=DIRECTION('',(0.,0.,-1.));
#2209=DIRECTION('',(0.,0.,1.));
#2210=DIRECTION('',(1.,0.,0.));
#2211=DIRECTION('',(0.,0.,-1.));
#2212=DIRECTION('',(0.,0.,-1.));
#2213=DIRECTION('',(-1.,0.,0.));
#2214=DIRECTION('',(0.,0.,-1.));
#2215=DIRECTION('',(0.,0.,1.));
#2216=DIRECTION('',(1.,0.,0.));
#2217=DIRECTION('',(0.,0.,-1.));
#2218=DIRECTION('',(0.,0.,-1.));
#2219=DIRECTION('',(-1.,0.,0.));
#2220=DIRECTION('',(0.,0.,-1.));
#2221=DIRECTION('',(0.,0.,1.));
#2222=DIRECTION('',(1.,0.,0.));
#2223=DIRECTION('',(0.,0.,-1.));
#2224=DIRECTION('',(0.,0.,-1.));
#2225=DIRECTION('',(-1.,0.,0.));
#2226=DIRECTION('',(0.,0.,1.));
#2227=DIRECTION('',(1.,0.,0.));
#2228=DIRECTION('',(0.,0.,1.));
#2229=DIRECTION('',(1.,0.,0.));
#2230=DIRECTION('',(0.,0.,1.));
#2231=DIRECTION('',(1.,0.,0.));
#2232=DIRECTION('',(0.,0.,1.));
#2233=DIRECTION('',(1.,0.,0.));
#2234=DIRECTION('',(0.,0.,1.));
#2235=DIRECTION('',(1.,0.,0.));
#2236=DIRECTION('',(0.,0.,-1.));
#2237=DIRECTION('',(-1.,0.,0.));
#2238=DIRECTION('',(0.,0.,1.));
#2239=DIRECTION('',(1.,0.,0.));
#2240=DIRECTION('',(0.,0.,-1.));
#2241=DIRECTION('',(-1.,0.,0.));
#2242=DIRECTION('',(0.,0.,1.));
#2243=DIRECTION('',(1.,0.,0.));
#2244=DIRECTION('',(0.,0.,1.));
#2245=DIRECTION('',(1.,0.,0.));
#2246=DIRECTION('',(0.,0.,1.));
#2247=DIRECTION('',(1.,0.,0.));
#2248=DIRECTION('',(0.,0.,1.));
#2249=DIRECTION('',(1.,0.,0.));
#2250=DIRECTION('',(0.,0.,1.));
#2251=DIRECTION('',(1.,0.,0.));
#2252=DIRECTION('',(0.,0.,-1.));
#2253=DIRECTION('',(-1.,0.,0.));
#2254=DIRECTION('',(0.,0.,1.));
#2255=DIRECTION('',(1.,0.,0.));
#2256=DIRECTION('',(0.999999828767038,0.00058520585655348,0.));
#2257=DIRECTION('',(-0.00058520585655348,0.999999828767038,0.));
#2258=DIRECTION('',(-0.999999828767038,-0.00058520585655142,0.));
#2259=DIRECTION('',(0.00058520585655142,-0.999999828767038,0.));
#2260=DIRECTION('',(0.,0.,1.));
#2261=DIRECTION('',(1.,0.,0.));
#2262=DIRECTION('',(-0.999038617294565,0.0438388087676147,0.));
#2263=DIRECTION('',(-0.0438388087676147,-0.999038617294565,0.));
#2264=DIRECTION('',(0.,0.,1.));
#2265=DIRECTION('',(1.,0.,0.));
#2266=DIRECTION('',(0.999237122942521,0.0390534522616407,-2.1667501190449E-15));
#2267=DIRECTION('',(-0.0390534522616407,0.999237122942521,0.));
#2268=DIRECTION('',(0.,0.,1.));
#2269=DIRECTION('',(1.,0.,0.));
#2270=DIRECTION('',(-0.899309237989629,-0.437313268111675,0.));
#2271=DIRECTION('',(0.437313268111675,-0.899309237989629,0.));
#2272=DIRECTION('',(0.,0.,1.));
#2273=DIRECTION('',(1.,0.,0.));
#2274=DIRECTION('',(0.898272901355758,-0.439438044199532,0.));
#2275=DIRECTION('',(0.439438044199532,0.898272901355758,0.));
#2276=DIRECTION('',(0.,0.,1.));
#2277=DIRECTION('',(1.,0.,0.));
#2278=DIRECTION('',(0.441901685381304,0.89706348741723,0.));
#2279=DIRECTION('',(-0.89706348741723,0.441901685381304,0.));
#2280=DIRECTION('',(0.,0.,1.));
#2281=DIRECTION('',(1.,0.,0.));
#2282=DIRECTION('',(-0.433343754814545,0.901228711350915,5.78778546862372E-15));
#2283=DIRECTION('',(-0.901228711350915,-0.433343754814545,0.));
#2284=DIRECTION('',(0.,0.,1.));
#2285=DIRECTION('',(1.,0.,0.));
#2286=DIRECTION('',(-0.0387346454031089,0.999249532021654,0.));
#2287=DIRECTION('',(-0.999249532021655,-0.0387346454031089,0.));
#2288=DIRECTION('',(0.,0.,1.));
#2289=DIRECTION('',(1.,0.,0.));
#2290=DIRECTION('',(0.0458206196593926,0.998949683824981,-4.33225366962701E-15));
#2291=DIRECTION('',(-0.998949683824981,0.0458206196593927,0.));
#2292=DIRECTION('',(0.,0.,1.));
#2293=DIRECTION('',(1.,0.,0.));
#2294=DIRECTION('',(0.00433310049953798,0.999990612075964,0.));
#2295=DIRECTION('',(-0.999990612075964,0.00433310049953798,0.));
#2296=DIRECTION('',(0.,0.,1.));
#2297=DIRECTION('',(1.,0.,0.));
#2298=DIRECTION('',(-0.000280233187232616,0.99999996073468,1.21531772160056E-18));
#2299=DIRECTION('',(-0.99999996073468,-0.000280233187232616,0.));
#2300=DIRECTION('',(0.000280233187232942,-0.99999996073468,0.));
#2301=DIRECTION('',(0.99999996073468,0.000280233187232942,0.));
#2302=DIRECTION('',(-0.000280233187236952,0.99999996073468,0.));
#2303=DIRECTION('',(-0.99999996073468,-0.000280233187236952,0.));
#2304=DIRECTION('',(-0.000280233187233703,0.99999996073468,0.));
#2305=DIRECTION('',(-0.99999996073468,-0.000280233187233702,0.));
#2306=DIRECTION('',(-0.000280230206517684,0.999989324167396,0.00461226866810953));
#2307=DIRECTION('',(0.,-0.00461226884920789,0.999989363431463));
#2308=DIRECTION('',(0.,0.,1.));
#2309=DIRECTION('',(1.,0.,0.));
#2310=DIRECTION('',(0.0483456274526228,0.998830666482669,0.));
#2311=DIRECTION('',(-0.998830666482669,0.0483456274526228,0.));
#2312=DIRECTION('',(0.,0.,1.));
#2313=DIRECTION('',(1.,0.,0.));
#2314=DIRECTION('',(-0.044324850644751,0.999017170831072,0.));
#2315=DIRECTION('',(-0.999017170831073,-0.044324850644751,0.));
#2316=DIRECTION('',(0.,0.,1.));
#2317=DIRECTION('',(1.,0.,0.));
#2318=DIRECTION('',(-0.428270160923745,0.903650745178883,0.));
#2319=DIRECTION('',(-0.903650745178883,-0.428270160923745,0.));
#2320=DIRECTION('',(0.,0.,1.));
#2321=DIRECTION('',(1.,0.,0.));
#2322=DIRECTION('',(0.432556553645532,0.901606803378446,1.87591502074132E-15));
#2323=DIRECTION('',(-0.901606803378446,0.432556553645532,0.));
#2324=DIRECTION('',(0.,0.,1.));
#2325=DIRECTION('',(1.,0.,0.));
#2326=DIRECTION('',(0.899777870762848,-0.43634823625801,0.));
#2327=DIRECTION('',(0.43634823625801,0.899777870762848,0.));
#2328=DIRECTION('',(0.,0.,1.));
#2329=DIRECTION('',(1.,0.,0.));
#2330=DIRECTION('',(-0.900915101756401,-0.43399536797903,0.));
#2331=DIRECTION('',(0.43399536797903,-0.900915101756401,0.));
#2332=DIRECTION('',(0.,0.,1.));
#2333=DIRECTION('',(1.,0.,0.));
#2334=DIRECTION('',(0.999223685420022,0.0393957674836966,0.));
#2335=DIRECTION('',(-0.0393957674836966,0.999223685420022,0.));
#2336=DIRECTION('',(0.,0.,1.));
#2337=DIRECTION('',(1.,0.,0.));
#2338=DIRECTION('',(-0.999086659944656,0.0427299183316643,0.));
#2339=DIRECTION('',(-0.0427299183316643,-0.999086659944656,0.));
#2340=DIRECTION('',(0.,0.,1.));
#2341=DIRECTION('',(1.,0.,0.));
#2342=DIRECTION('',(0.999999828812363,0.000585128400545969,0.));
#2343=DIRECTION('',(-0.000585128400545969,0.999999828812363,0.));
#2344=DIRECTION('',(0.,0.,1.));
#2345=DIRECTION('',(1.,0.,0.));
#2346=DIRECTION('',(-0.999999828770865,-0.000585199317355153,5.07579496970794E-18));
#2347=DIRECTION('',(0.000585199317355153,-0.999999828770865,0.));
#2348=DIRECTION('',(-0.999999828770865,-0.00058519931735503,0.));
#2349=DIRECTION('',(0.00058519931735503,-0.999999828770865,0.));
#2350=DIRECTION('',(0.,0.,-1.));
#2351=DIRECTION('',(-1.,0.,0.));
#2352=DIRECTION('',(0.,0.,-1.));
#2353=DIRECTION('',(-1.,0.,0.));
#2354=DIRECTION('',(0.,0.,-1.));
#2355=DIRECTION('',(-1.,0.,0.));
#2356=DIRECTION('',(0.,0.,-1.));
#2357=DIRECTION('',(-1.,0.,0.));
#2358=CARTESIAN_POINT('',(0.,0.,0.));
#2359=CARTESIAN_POINT('',(0.00649667827694395,0.0187052935288539,0.009552));
#2360=CARTESIAN_POINT('',(0.00666904897296936,0.0227355671565181,0.009552));
#2361=CARTESIAN_POINT('',(0.00666904897296936,0.0227355671565181,0.0036));
#2362=CARTESIAN_POINT('',(0.00666904897296936,0.0227355671565181,0.0004));
#2363=CARTESIAN_POINT('',(0.00649667827694395,0.0187052935288539,0.0004));
#2364=CARTESIAN_POINT('',(0.0064943176074743,0.0227392508412127,0.0004));
#2365=CARTESIAN_POINT('',(0.0064943176074743,0.0227392508412127,0.009552));
#2366=CARTESIAN_POINT('',(0.0064943176074743,0.0227392472830491,0.0036));
#2367=CARTESIAN_POINT('',(0.00649667827694395,0.0187052935288539,0.0036));
#2368=CARTESIAN_POINT('',(0.00649667827694395,0.0187052935288539,0.009552));
#2369=CARTESIAN_POINT('',(0.0105305984272504,0.0186878180704594,0.009552));
#2370=CARTESIAN_POINT('',(0.0105305984272504,0.0186878180704594,0.0036));
#2371=CARTESIAN_POINT('',(0.0105305984272504,0.0186878180704594,0.0004));
#2372=CARTESIAN_POINT('',(0.00649667827694395,0.0187052935288539,0.0004));
#2373=CARTESIAN_POINT('',(0.0105266715884423,0.018884098114848,0.0004));
#2374=CARTESIAN_POINT('',(0.0105266715884423,0.018884098114848,0.009552));
#2375=CARTESIAN_POINT('',(0.0105266715884423,0.018884098114848,0.0036));
#2376=CARTESIAN_POINT('',(0.00649667827694395,0.0187052935288539,0.0036));
#2377=CARTESIAN_POINT('',(-0.00825549128534352,-0.0121140622433091,0.009552));
#2378=CARTESIAN_POINT('',(-0.00843233484029506,-0.0161441338986037,0.009552));
#2379=CARTESIAN_POINT('',(-0.00843233484029506,-0.0161441338986037,0.0036));
#2380=CARTESIAN_POINT('',(-0.00843233484029506,-0.0161441338986037,0.0004));
#2381=CARTESIAN_POINT('',(-0.00825549128534352,-0.0121140622433091,0.0004));
#2382=CARTESIAN_POINT('',(-0.00825313059631519,-0.016148007901341,0.0004));
#2383=CARTESIAN_POINT('',(-0.00825313059631519,-0.016148007901341,0.009552));
#2384=CARTESIAN_POINT('',(-0.00825313059631519,-0.016148007901341,0.0036));
#2385=CARTESIAN_POINT('',(-0.00825549128534352,-0.0121140622433091,0.0036));
#2386=CARTESIAN_POINT('',(-0.00825549128534352,-0.0121140622433091,0.009552));
#2387=CARTESIAN_POINT('',(-0.0122894032398199,-0.0120965827333078,0.009552));
#2388=CARTESIAN_POINT('',(-0.0122894032398199,-0.0120965827333078,0.0036));
#2389=CARTESIAN_POINT('',(-0.0122894032398199,-0.0120965827333078,0.0004));
#2390=CARTESIAN_POINT('',(-0.00825549128534352,-0.0121140622433091,0.0004));
#2391=CARTESIAN_POINT('',(-0.0122864137600646,-0.0122703158593502,0.0004));
#2392=CARTESIAN_POINT('',(-0.0122864137600646,-0.0122703158593502,0.009552));
#2393=CARTESIAN_POINT('',(-0.0122864137600646,-0.0122703158593502,0.0036));
#2394=CARTESIAN_POINT('',(-0.00825549128534352,-0.0121140622433091,0.0036));
#2395=CARTESIAN_POINT('',(-0.008264075118805,0.0186966954127631,0.009552));
#2396=CARTESIAN_POINT('',(-0.0122933203745444,0.0188917198514252,0.009552));
#2397=CARTESIAN_POINT('',(-0.0122933203745444,0.0188917198514252,0.0036));
#2398=CARTESIAN_POINT('',(-0.0122933203745444,0.0188917198514252,0.0004));
#2399=CARTESIAN_POINT('',(-0.008264075118805,0.0186966954127631,0.0004));
#2400=CARTESIAN_POINT('',(-0.0122980372634782,0.0186955649626497,0.0004));
#2401=CARTESIAN_POINT('',(-0.0122980372634782,0.0186955649626497,0.009552));
#2402=CARTESIAN_POINT('',(-0.0122980322218493,0.0186955649626497,0.0036));
#2403=CARTESIAN_POINT('',(-0.008264075118805,0.0186966954127631,0.0036));
#2404=CARTESIAN_POINT('',(0.00650511213213793,-0.0121053952501702,0.009552));
#2405=CARTESIAN_POINT('',(0.0105349953650108,-0.0122902411436872,0.009552));
#2406=CARTESIAN_POINT('',(0.0105349953650108,-0.0122902411436872,0.0036));
#2407=CARTESIAN_POINT('',(0.0105349953650108,-0.0122902411436872,0.0004));
#2408=CARTESIAN_POINT('',(0.00650511213213793,-0.0121053952501702,0.0004));
#2409=CARTESIAN_POINT('',(0.0105392323084493,-0.0121042647557711,0.0004));
#2410=CARTESIAN_POINT('',(0.0105392323084493,-0.0121042647557711,0.009552));
#2411=CARTESIAN_POINT('',(0.0105392323084493,-0.0121042647557711,0.0036));
#2412=CARTESIAN_POINT('',(0.00650511213213793,-0.0121053952501702,0.0036));
#2413=CARTESIAN_POINT('',(-0.000876965096344726,0.021734933441475,0.009552));
#2414=CARTESIAN_POINT('',(-0.000876965096344726,0.021734933441475,0.0036));
#2415=CARTESIAN_POINT('',(-0.00824883300156333,0.0217306194286706,0.0036));
#2416=CARTESIAN_POINT('',(0.00649490280887389,0.0217392474542795,0.0036));
#2417=CARTESIAN_POINT('',(-0.00824883300156333,0.0217306194286706,0.009552));
#2418=CARTESIAN_POINT('',(-0.00824883300156333,0.0217306194286706,0.001));
#2419=CARTESIAN_POINT('',(-1.27195663587238E-5,0.0217354391974558,0.001));
#2420=CARTESIAN_POINT('',(0.00649490280887389,0.0217392474542795,0.001));
#2421=CARTESIAN_POINT('',(0.00649490280887389,0.0217392474542795,0.009552));
#2422=CARTESIAN_POINT('',(-0.0112937174239163,0.00329853600686419,0.009552));
#2423=CARTESIAN_POINT('',(-0.0112903680378623,-0.00865360269451346,0.0033));
#2424=CARTESIAN_POINT('',(-0.0112903680378623,-0.00865360269451346,0.00235));
#2425=CARTESIAN_POINT('',(-0.0112901018163344,-0.0096036026572114,0.0033));
#2426=CARTESIAN_POINT('',(-0.0112901018163366,-0.00960360264935834,0.009552));
#2427=CARTESIAN_POINT('',(-0.0112901018163366,-0.00960360264935834,0.0036));
#2428=CARTESIAN_POINT('',(-0.0112937174239163,0.00329853600686419,0.0036));
#2429=CARTESIAN_POINT('',(-0.0112894025867177,-0.0120987731835214,0.0036));
#2430=CARTESIAN_POINT('',(-0.0112894025867177,-0.0120987731835214,0.009552));
#2431=CARTESIAN_POINT('',(-0.0112894025867177,-0.0120987731835214,0.001));
#2432=CARTESIAN_POINT('',(-0.0112927921777914,-3.16461526900109E-6,0.001));
#2433=CARTESIAN_POINT('',(-0.011298032261115,0.0186958451972499,0.001));
#2434=CARTESIAN_POINT('',(-0.011298032261115,0.0186958451972499,0.009552));
#2435=CARTESIAN_POINT('',(-0.011298032261115,0.0186958451972499,0.0036));
#2436=CARTESIAN_POINT('',(-0.0112937174239163,0.00329853600686419,0.0036));
#2437=CARTESIAN_POINT('',(-0.0112910826324699,-0.0061036028653176,0.0036));
#2438=CARTESIAN_POINT('',(-0.0112910826324699,-0.0061036028653176,0.009552));
#2439=CARTESIAN_POINT('',(-0.0112910826324699,-0.0061036028653176,0.0033));
#2440=CARTESIAN_POINT('',(-0.0112908164109443,-0.00705360282016248,0.0033));
#2441=CARTESIAN_POINT('',(-0.0112908164109443,-0.00705360282016248,0.00235));
#2442=CARTESIAN_POINT('',(-0.0112937174239163,0.00329853600686419,0.00235));
#2443=CARTESIAN_POINT('',(0.0095349126023336,0.00329273149366841,0.009552));
#2444=CARTESIAN_POINT('',(0.0095349126023336,0.00329273149366841,0.0036));
#2445=CARTESIAN_POINT('',(0.00953852494761053,-0.00959776577666541,0.0036));
#2446=CARTESIAN_POINT('',(0.00953923234771455,-0.0121045449889583,0.0036));
#2447=CARTESIAN_POINT('',(0.00953852494761053,-0.00959776577666541,0.009552));
#2448=CARTESIAN_POINT('',(0.00953852494761273,-0.00959776578451847,0.0033));
#2449=CARTESIAN_POINT('',(0.00953825872608486,-0.00864776582182052,0.0033));
#2450=CARTESIAN_POINT('',(0.00953825872608486,-0.00864776582182053,0.00235));
#2451=CARTESIAN_POINT('',(0.0095349126023336,0.00329273149366841,0.00235));
#2452=CARTESIAN_POINT('',(0.00953781035300289,-0.00704776594746954,0.00235));
#2453=CARTESIAN_POINT('',(0.00953781035300289,-0.00704776594746954,0.0033));
#2454=CARTESIAN_POINT('',(0.00953754413147722,-0.00609776599262466,0.0033));
#2455=CARTESIAN_POINT('',(0.00953754413147722,-0.00609776599262466,0.009552));
#2456=CARTESIAN_POINT('',(0.00953754413147722,-0.00609776599262467,0.0036));
#2457=CARTESIAN_POINT('',(0.0095349126023336,0.00329273149366841,0.0036));
#2458=CARTESIAN_POINT('',(0.00953059777430034,0.0186900079776731,0.0036));
#2459=CARTESIAN_POINT('',(0.00953059777430034,0.0186900079776731,0.009552));
#2460=CARTESIAN_POINT('',(0.00953059777430034,0.0186900079776731,0.001));
#2461=CARTESIAN_POINT('',(0.00953583458615576,2.67225742393867E-6,0.001));
#2462=CARTESIAN_POINT('',(0.00953923234771457,-0.0121045449889583,0.001));
#2463=CARTESIAN_POINT('',(0.00953923234771457,-0.0121045449889583,0.009552));
#2464=CARTESIAN_POINT('',(-0.000888244692584797,-0.0151436977550063,0.009552));
#2465=CARTESIAN_POINT('',(-0.00825371580013751,-0.0151480080725728,0.009552));
#2466=CARTESIAN_POINT('',(-0.00825371580013751,-0.0151480080725728,0.0036));
#2467=CARTESIAN_POINT('',(-0.00825371580013751,-0.0151480080725728,0.001));
#2468=CARTESIAN_POINT('',(-0.000888244692584797,-0.0151436977550063,0.0036));
#2469=CARTESIAN_POINT('',(-0.00788786503917532,-0.0151477939745282,0.0036));
#2470=CARTESIAN_POINT('',(-0.00788786500492874,-0.0151477939745082,0.00271));
#2471=CARTESIAN_POINT('',(-0.00788786507342191,-0.0151477939745483,0.00271));
#2472=CARTESIAN_POINT('',(-0.00648786531314805,-0.015146974686349,0.00271));
#2473=CARTESIAN_POINT('',(-0.00648786531314805,-0.015146974686349,0.00131));
#2474=CARTESIAN_POINT('',(0.00471213085123393,-0.015140420381878,0.00131));
#2475=CARTESIAN_POINT('',(0.00471213085123393,-0.015140420381878,0.00131));
#2476=CARTESIAN_POINT('',(0.00471213085123393,-0.015140420381878,0.00271));
#2477=CARTESIAN_POINT('',(0.00611213054301461,-0.0151396010937189,0.00271));
#2478=CARTESIAN_POINT('',(0.00611213054301461,-0.0151396010937189,0.00641));
#2479=CARTESIAN_POINT('',(0.00611213054301461,-0.0151396010937189,0.0036));
#2480=CARTESIAN_POINT('',(-0.000888244692584797,-0.0151436977550063,0.0036));
#2481=CARTESIAN_POINT('',(0.00647722641700216,-0.0151393874374387,0.0036));
#2482=CARTESIAN_POINT('',(0.00647722641700216,-0.0151393874374387,0.009552));
#2483=CARTESIAN_POINT('',(0.00647722641700216,-0.0151393874374387,0.001));
#2484=CARTESIAN_POINT('',(8.86187490509616E-6,-0.0151431727628992,0.001));
#2485=CARTESIAN_POINT('',(-0.00087624773054405,0.0227349340325062,0.009552));
#2486=CARTESIAN_POINT('',(-0.00824681307064464,0.0227306207819621,0.0004));
#2487=CARTESIAN_POINT('',(-0.00824681307064464,0.0227306207819621,0.0004));
#2488=CARTESIAN_POINT('',(-0.00824681307064464,0.0227306207819621,0.009552));
#2489=CARTESIAN_POINT('',(-0.00824681307064464,0.0227306207819621,0.0036));
#2490=CARTESIAN_POINT('',(-0.00087624773054405,0.0227349340325062,0.0036));
#2491=CARTESIAN_POINT('',(-0.0122937177308348,0.00329949111537741,0.009552));
#2492=CARTESIAN_POINT('',(-0.0122894032398199,-0.0120965827333078,0.0004));
#2493=CARTESIAN_POINT('',(-0.0122937177308348,0.00329949111537741,0.0036));
#2494=CARTESIAN_POINT('',(-0.0122901017770713,-0.00960388288254558,0.0036));
#2495=CARTESIAN_POINT('',(-0.0122901017770713,-0.00960388288254557,0.0033));
#2496=CARTESIAN_POINT('',(-0.0122901017770691,-0.00960388289039863,0.0033));
#2497=CARTESIAN_POINT('',(-0.012290367998597,-0.00865388292770069,0.0033));
#2498=CARTESIAN_POINT('',(-0.012290367998597,-0.00865388292770069,0.00235));
#2499=CARTESIAN_POINT('',(-0.0122908163716789,-0.00705388305334971,0.00235));
#2500=CARTESIAN_POINT('',(-0.0122908163716789,-0.00705388305334971,0.00235));
#2501=CARTESIAN_POINT('',(-0.0122908163716789,-0.00705388305334971,0.0033));
#2502=CARTESIAN_POINT('',(-0.0122910825932046,-0.00610388309850483,0.0033));
#2503=CARTESIAN_POINT('',(-0.0122910825932046,-0.00610388309850483,0.0036));
#2504=CARTESIAN_POINT('',(-0.0122910825932046,-0.00610388309850483,0.0036));
#2505=CARTESIAN_POINT('',(-0.0122937177308348,0.00329949111537741,0.0036));
#2506=CARTESIAN_POINT('',(0.0105349129091759,0.00329177665665519,0.009552));
#2507=CARTESIAN_POINT('',(0.0105305984272504,0.0186878180704594,0.0004));
#2508=CARTESIAN_POINT('',(0.0105349129091759,0.00329177665665519,0.0036));
#2509=CARTESIAN_POINT('',(0.0105375440922119,-0.00609748575943743,0.0036));
#2510=CARTESIAN_POINT('',(0.0105375440922119,-0.00609748575943743,0.0033));
#2511=CARTESIAN_POINT('',(0.0105375440922119,-0.00609748575943743,0.0033));
#2512=CARTESIAN_POINT('',(0.0105378103137376,-0.00704748571428231,0.0033));
#2513=CARTESIAN_POINT('',(0.0105378103137376,-0.00704748571428231,0.00235));
#2514=CARTESIAN_POINT('',(0.0105382586868195,-0.00864748558863329,0.00235));
#2515=CARTESIAN_POINT('',(0.0105382586868195,-0.00864748558863329,0.00235));
#2516=CARTESIAN_POINT('',(0.0105382586868195,-0.00864748558863329,0.0033));
#2517=CARTESIAN_POINT('',(0.0105385249083474,-0.00959748555133123,0.0033));
#2518=CARTESIAN_POINT('',(0.0105385249083452,-0.00959748554347817,0.0036));
#2519=CARTESIAN_POINT('',(0.0105385249083452,-0.00959748554347818,0.0036));
#2520=CARTESIAN_POINT('',(0.0105349129091759,0.00329177665665519,0.0036));
#2521=CARTESIAN_POINT('',(-0.008264075118805,0.0186966954127631,0.009552));
#2522=CARTESIAN_POINT('',(-0.008264075118805,0.0186966954127631,0.0004));
#2523=CARTESIAN_POINT('',(-0.00842299615973466,0.0227275260920802,0.0004));
#2524=CARTESIAN_POINT('',(-0.00842299615973466,0.0227275260920802,0.009552));
#2525=CARTESIAN_POINT('',(-0.00842299615973466,0.0227275260920802,0.0036));
#2526=CARTESIAN_POINT('',(-0.008264075118805,0.0186966954127631,0.0036));
#2527=CARTESIAN_POINT('',(0.00649667827694395,0.0187052935288539,0.009552));
#2528=CARTESIAN_POINT('',(0.00649667827694395,0.0187052935288539,0.0036));
#2529=CARTESIAN_POINT('',(0.00649667827694395,0.0187052935288539,0.001));
#2530=CARTESIAN_POINT('',(-0.008264075118805,0.0186966954127631,0.009552));
#2531=CARTESIAN_POINT('',(-0.008264075118805,0.0186966954127631,0.0036));
#2532=CARTESIAN_POINT('',(-0.008264075118805,0.0186966954127631,0.001));
#2533=CARTESIAN_POINT('',(-0.00825549128534352,-0.0121140622433091,0.009552));
#2534=CARTESIAN_POINT('',(-0.00825549128534352,-0.0121140622433091,0.0036));
#2535=CARTESIAN_POINT('',(-0.00825549128534352,-0.0121140622433091,0.001));
#2536=CARTESIAN_POINT('',(-0.00088992975104591,-0.0161436989123456,0.009552));
#2537=CARTESIAN_POINT('',(0.00647327109422337,-0.0161393899233501,0.0004));
#2538=CARTESIAN_POINT('',(0.00647327109422337,-0.0161393899233501,0.0004));
#2539=CARTESIAN_POINT('',(0.00647327109422337,-0.0161393899233501,0.009552));
#2540=CARTESIAN_POINT('',(0.00647327109422337,-0.0161393899233501,0.0036));
#2541=CARTESIAN_POINT('',(-0.00088992975104591,-0.0161436989123456,0.0036));
#2542=CARTESIAN_POINT('',(0.00611271578311775,-0.0161396009224659,0.0036));
#2543=CARTESIAN_POINT('',(0.00611271574887116,-0.0161396009224859,0.00271));
#2544=CARTESIAN_POINT('',(0.00611271581736434,-0.0161396009224458,0.00271));
#2545=CARTESIAN_POINT('',(0.00471271605709048,-0.016140420210645,0.00271));
#2546=CARTESIAN_POINT('',(0.00471271605709048,-0.016140420210645,0.00131));
#2547=CARTESIAN_POINT('',(-0.0064872801072915,-0.0161469745151161,0.00131));
#2548=CARTESIAN_POINT('',(-0.0064872801072915,-0.0161469745151161,0.00131));
#2549=CARTESIAN_POINT('',(-0.0064872801072915,-0.0161469745151161,0.00271));
#2550=CARTESIAN_POINT('',(-0.00788727979907218,-0.0161477938032752,0.00271));
#2551=CARTESIAN_POINT('',(-0.00788727979907218,-0.0161477938032752,0.00641));
#2552=CARTESIAN_POINT('',(-0.00788727979907218,-0.0161477938032752,0.0036));
#2553=CARTESIAN_POINT('',(-0.00088992975104591,-0.0161436989123456,0.0036));
#2554=CARTESIAN_POINT('',(0.00650511213213793,-0.0121053952501702,0.009552));
#2555=CARTESIAN_POINT('',(0.00650511213213793,-0.0121053952501702,0.0004));
#2556=CARTESIAN_POINT('',(0.00666265845804733,-0.0161364380470321,0.0004));
#2557=CARTESIAN_POINT('',(0.00666265845804733,-0.0161364380470321,0.009552));
#2558=CARTESIAN_POINT('',(0.00666265845804733,-0.0161364380470321,0.0036));
#2559=CARTESIAN_POINT('',(0.00650511213213793,-0.0121053952501702,0.0036));
#2560=CARTESIAN_POINT('',(0.00650511213213793,-0.0121053952501702,0.009552));
#2561=CARTESIAN_POINT('',(0.00650511213213793,-0.0121053952501702,0.0036));
#2562=CARTESIAN_POINT('',(0.00650511213213793,-0.0121053952501702,0.001));
#2563=CARTESIAN_POINT('',(-0.00788757240200046,-0.0156477938888917,0.00456));
#2564=CARTESIAN_POINT('',(-0.00788757240200046,-0.0156477938888917,0.0036));
#2565=CARTESIAN_POINT('',(-0.00788757240200046,-0.0156477938888917,0.00271));
#2566=CARTESIAN_POINT('',(0.00611242314594289,-0.0156396010081024,0.00456));
#2567=CARTESIAN_POINT('',(0.00611242314594289,-0.0156396010081024,0.0036));
#2568=CARTESIAN_POINT('',(0.00611242314594289,-0.0156396010081024,0.00271));
#2569=CARTESIAN_POINT('',(0.,0.,0.));
#2570=CARTESIAN_POINT('',(-0.0114801968455624,-0.0153223362500298,0.));
#2571=CARTESIAN_POINT('',(-0.0121551968455624,-0.0153223362500298,0.));
#2572=CARTESIAN_POINT('',(0.00970953793454504,0.0219044021237,0.));
#2573=CARTESIAN_POINT('',(0.00903453793454504,0.0219044021237,0.));
#2574=CARTESIAN_POINT('',(-0.011464361511029,0.0219083885969986,0.));
#2575=CARTESIAN_POINT('',(-0.012139361511029,0.0219083885969986,0.));
#2576=CARTESIAN_POINT('',(0.00970033734347056,-0.0153223362500298,0.));
#2577=CARTESIAN_POINT('',(0.00902533734347056,-0.0153223362500298,0.));
#2578=CARTESIAN_POINT('',(-0.008264075118805,0.0186966954127631,0.));
#2579=CARTESIAN_POINT('',(-0.00840723785274118,0.0223278366179122,0.));
#2580=CARTESIAN_POINT('',(-0.00824657901621057,0.0223306155971527,0.));
#2581=CARTESIAN_POINT('',(0.00649455168928348,0.022339247351542,0.));
#2582=CARTESIAN_POINT('',(0.00649455168720124,0.0223392509097044,0.));
#2583=CARTESIAN_POINT('',(0.00649667827694395,0.0187052935288539,0.));
#2584=CARTESIAN_POINT('',(0.00665195700563669,0.0223359324925403,0.));
#2585=CARTESIAN_POINT('',(0.00688269856462768,0.0277310004562414,0.));
#2586=CARTESIAN_POINT('',(0.00922627355171445,0.0228660589067568,0.));
#2587=CARTESIAN_POINT('',(0.00968990539398346,0.0219036225326076,0.));
#2588=CARTESIAN_POINT('',(0.0106530807043541,0.0214415277577576,0.));
#2589=CARTESIAN_POINT('',(0.0155217574425977,0.0191057223680718,0.));
#2590=CARTESIAN_POINT('',(0.0101270647201099,0.0188663681745901,0.));
#2591=CARTESIAN_POINT('',(0.00649667827694395,0.0187052935288539,0.));
#2592=CARTESIAN_POINT('',(0.0101305979259467,0.0186895509042031,0.));
#2593=CARTESIAN_POINT('',(0.0101392274068077,-0.012104376850424,0.));
#2594=CARTESIAN_POINT('',(0.0101392323241554,-0.012104376849046,0.));
#2595=CARTESIAN_POINT('',(0.00650511213213793,-0.0121053952501702,0.));
#2596=CARTESIAN_POINT('',(0.0101354154914808,-0.0122719128958235,0.));
#2597=CARTESIAN_POINT('',(0.0155297437841357,-0.0125193442419842,0.));
#2598=CARTESIAN_POINT('',(0.0106631087428407,-0.0148594005179827,0.));
#2599=CARTESIAN_POINT('',(0.00970033734347056,-0.0153223362500298,0.));
#2600=CARTESIAN_POINT('',(0.00923089115803302,-0.0162819499944236,0.));
#2601=CARTESIAN_POINT('',(0.00685792571935554,-0.0211326236617447,0.));
#2602=CARTESIAN_POINT('',(0.00664703707714268,-0.0157367431978551,0.));
#2603=CARTESIAN_POINT('',(0.00650511213213793,-0.0121053952501702,0.));
#2604=CARTESIAN_POINT('',(0.00647477692206448,-0.0157393889736375,0.));
#2605=CARTESIAN_POINT('',(-0.00825336467865782,-0.0157480079698343,0.));
#2606=CARTESIAN_POINT('',(-0.00825336467662357,-0.0157480114459481,0.));
#2607=CARTESIAN_POINT('',(-0.00825549128534352,-0.0121140622433091,0.));
#2608=CARTESIAN_POINT('',(-0.00841479931678801,-0.015744518451686,0.));
#2609=CARTESIAN_POINT('',(-0.00865152888413312,-0.0211393269850766,0.));
#2610=CARTESIAN_POINT('',(-0.0110130205319362,-0.0162830570999326,0.));
#2611=CARTESIAN_POINT('',(-0.0114801968455624,-0.0153223362500298,0.));
#2612=CARTESIAN_POINT('',(-0.0124385185881198,-0.0148502581874248,0.));
#2613=CARTESIAN_POINT('',(-0.0172826614201729,-0.0124639890863658,0.));
#2614=CARTESIAN_POINT('',(-0.0118867139472559,-0.012254822001189,0.));
#2615=CARTESIAN_POINT('',(-0.00825549128534352,-0.0121140622433091,0.));
#2616=CARTESIAN_POINT('',(-0.0118894027384026,-0.0120983159723147,0.));
#2617=CARTESIAN_POINT('',(-0.0118980322375558,0.0186956770573375,0.));
#2618=CARTESIAN_POINT('',(-0.0118980322375558,0.0186956770573375,0.));
#2619=CARTESIAN_POINT('',(-0.008264075118805,0.0186966954127631,0.));
#2620=CARTESIAN_POINT('',(-0.0118937881079513,0.0188723816004441,0.));
#2621=CARTESIAN_POINT('',(-0.0172874737069578,0.0191334479886883,0.));
#2622=CARTESIAN_POINT('',(-0.0124077596829918,0.0214461068576765,0.));
#2623=CARTESIAN_POINT('',(-0.0114424008550716,0.0219036225326076,0.));
#2624=CARTESIAN_POINT('',(-0.0109762554729464,0.0228648440170609,0.));
#2625=CARTESIAN_POINT('',(-0.00861997499715315,0.0277236445191803,0.));
#2626=CARTESIAN_POINT('',(0.00728059651381227,-0.0124893815876446,0.));
#2627=CARTESIAN_POINT('',(0.00838059651381227,-0.0124893815876446,0.));
#2628=CARTESIAN_POINT('',(-0.00751940182618773,0.0195106179123554,0.));
#2629=CARTESIAN_POINT('',(-0.00641940182618773,0.0195106179123554,0.));
#2630=CARTESIAN_POINT('',(0.00576059701381227,0.0195106179123554,0.));
#2631=CARTESIAN_POINT('',(0.00686059701381227,0.0195106179123554,0.));
#2632=CARTESIAN_POINT('',(-0.00903940132618773,-0.0124893815876446,0.));
#2633=CARTESIAN_POINT('',(-0.00793940132618773,-0.0124893815876446,0.));
#2634=CARTESIAN_POINT('',(0.,0.,0.001));
#2635=CARTESIAN_POINT('',(0.00576059701381228,0.0195106179123554,0.001));
#2636=CARTESIAN_POINT('',(0.00741059701381228,0.0195106179123554,0.001));
#2637=CARTESIAN_POINT('',(-0.00751940182618772,0.0195106179123554,0.001));
#2638=CARTESIAN_POINT('',(-0.00586940182618772,0.0195106179123554,0.001));
#2639=CARTESIAN_POINT('',(-0.00903940132618773,-0.0124893815876446,0.001));
#2640=CARTESIAN_POINT('',(-0.00738940132618773,-0.0124893815876446,0.001));
#2641=CARTESIAN_POINT('',(0.00728059651381227,-0.0124893815876446,0.001));
#2642=CARTESIAN_POINT('',(0.00893059651381227,-0.0124893815876446,0.001));
#2643=CARTESIAN_POINT('',(0.00728059651381227,-0.0124893815876446,0.001));
#2644=CARTESIAN_POINT('',(0.00728059651381227,-0.0124893815876446,0.002));
#2645=CARTESIAN_POINT('',(0.00838059651381227,-0.0124893815876446,0.002));
#2646=CARTESIAN_POINT('',(-0.00751940182618773,0.0195106179123554,0.001));
#2647=CARTESIAN_POINT('',(-0.00751940182618772,0.0195106179123554,0.002));
#2648=CARTESIAN_POINT('',(-0.00641940182618772,0.0195106179123554,0.002));
#2649=CARTESIAN_POINT('',(0.00576059701381227,0.0195106179123554,0.001));
#2650=CARTESIAN_POINT('',(0.00576059701381228,0.0195106179123554,0.002));
#2651=CARTESIAN_POINT('',(0.00686059701381228,0.0195106179123554,0.002));
#2652=CARTESIAN_POINT('',(-0.00903940132618773,-0.0124893815876446,0.001));
#2653=CARTESIAN_POINT('',(-0.00903940132618773,-0.0124893815876446,0.002));
#2654=CARTESIAN_POINT('',(-0.00793940132618773,-0.0124893815876446,0.002));
#2655=CARTESIAN_POINT('',(0.00728059651381227,-0.0124893815876446,0.002));
#2656=CARTESIAN_POINT('',(0.00728059651381227,-0.0124893815876446,0.002));
#2657=CARTESIAN_POINT('',(0.00893059651381227,-0.0124893815876446,0.002));
#2658=CARTESIAN_POINT('',(-0.000879402477511393,0.00329561973187194,0.002));
#2659=CARTESIAN_POINT('',(-0.00903940132618773,-0.0124893815876446,0.002));
#2660=CARTESIAN_POINT('',(-0.00903940132618773,-0.0124893815876446,0.002));
#2661=CARTESIAN_POINT('',(-0.00738940132618773,-0.0124893815876446,0.002));
#2662=CARTESIAN_POINT('',(-0.000879402477511393,0.00329561973187194,0.002));
#2663=CARTESIAN_POINT('',(-0.00751940182618772,0.0195106179123554,0.002));
#2664=CARTESIAN_POINT('',(-0.00751940182618772,0.0195106179123554,0.002));
#2665=CARTESIAN_POINT('',(-0.00586940182618772,0.0195106179123554,0.002));
#2666=CARTESIAN_POINT('',(-0.000879402477511393,0.00329561973187194,0.002));
#2667=CARTESIAN_POINT('',(0.00576059701381228,0.0195106179123554,0.002));
#2668=CARTESIAN_POINT('',(0.00576059701381228,0.0195106179123554,0.002));
#2669=CARTESIAN_POINT('',(0.00741059701381228,0.0195106179123554,0.002));
#2670=CARTESIAN_POINT('',(-0.000879402477511393,0.00329561973187194,0.002));
#2671=CARTESIAN_POINT('',(-0.00648757271021978,-0.0156469746007326,0.00271));
#2672=CARTESIAN_POINT('',(-0.00648757271021978,-0.0156469746007326,0.00131));
#2673=CARTESIAN_POINT('',(-0.000887574628028786,-0.0156436974484971,0.00131));
#2674=CARTESIAN_POINT('',(0.00471242345416221,-0.0156404202962615,0.00131));
#2675=CARTESIAN_POINT('',(0.00471242345416221,-0.0156404202962615,0.00271));
#2676=CARTESIAN_POINT('',(-0.000560158863663673,0.00288075394928455,0.0036));
#2677=CARTESIAN_POINT('',(0.00970033734347056,-0.0153223362500298,0.0036));
#2678=CARTESIAN_POINT('',(0.0103753373434706,-0.0153223362500298,0.0036));
#2679=CARTESIAN_POINT('',(0.00685792571935554,-0.0211326236617447,0.0036));
#2680=CARTESIAN_POINT('',(0.00905511594035321,-0.0166412591549659,0.0036));
#2681=CARTESIAN_POINT('',(0.00970033734347056,-0.0153223362500298,0.0036));
#2682=CARTESIAN_POINT('',(0.0110236002273811,-0.0146860630160569,0.0036));
#2683=CARTESIAN_POINT('',(0.0155297437841357,-0.0125193442419842,0.0036));
#2684=CARTESIAN_POINT('',(0.0100385249279779,-0.00959762566007179,0.0036));
#2685=CARTESIAN_POINT('',(-0.000560158863663673,0.00288075394928455,0.0036));
#2686=CARTESIAN_POINT('',(-0.0114801968455624,-0.0153223362500298,0.0036));
#2687=CARTESIAN_POINT('',(-0.0108051968455624,-0.0153223362500298,0.0036));
#2688=CARTESIAN_POINT('',(-0.0172826614201729,-0.0124639890863658,0.0036));
#2689=CARTESIAN_POINT('',(-0.0127973439830867,-0.0146734975132723,0.0036));
#2690=CARTESIAN_POINT('',(-0.0114801968455624,-0.0153223362500298,0.0036));
#2691=CARTESIAN_POINT('',(-0.0108380952246915,-0.0166427807951284,0.0036));
#2692=CARTESIAN_POINT('',(-0.00865152888413312,-0.0211393269850766,0.0036));
#2693=CARTESIAN_POINT('',(-0.011790101796704,-0.00960374276595195,0.0036));
#2694=CARTESIAN_POINT('',(-0.000560158863663673,0.00288075394928455,0.0036));
#2695=CARTESIAN_POINT('',(0.00970953793454504,0.0219044021237,0.0036));
#2696=CARTESIAN_POINT('',(0.010384537934545,0.0219044021237,0.0036));
#2697=CARTESIAN_POINT('',(-0.011464361511029,0.0219083885969986,0.0036));
#2698=CARTESIAN_POINT('',(-0.010789361511029,0.0219083885969986,0.0036));
#2699=CARTESIAN_POINT('',(0.0155217574425977,0.0191057223680718,0.0036));
#2700=CARTESIAN_POINT('',(0.0110137234257055,0.0212685051362994,0.0036));
#2701=CARTESIAN_POINT('',(0.00968990539398346,0.0219036225326076,0.0036));
#2702=CARTESIAN_POINT('',(0.00905267540452284,0.0232264249474594,0.0036));
#2703=CARTESIAN_POINT('',(0.00688269856462768,0.0277310004562414,0.0036));
#2704=CARTESIAN_POINT('',(-0.00861997499715315,0.0277236445191803,0.0036));
#2705=CARTESIAN_POINT('',(-0.0108017161784432,0.0232247551653661,0.0036));
#2706=CARTESIAN_POINT('',(-0.0114424008550716,0.0219036225326076,0.0036));
#2707=CARTESIAN_POINT('',(-0.0127692199810633,0.0212747987933069,0.0036));
#2708=CARTESIAN_POINT('',(-0.0172874737069578,0.0191334479886883,0.0036));
#2709=CARTESIAN_POINT('',(-0.0117910826128373,-0.00610374298191121,0.0036));
#2710=CARTESIAN_POINT('',(0.0100375441118446,-0.00609762587603105,0.0036));
#2711=CARTESIAN_POINT('',(-0.0117910826128373,-0.00610374298191121,0.0036));
#2712=CARTESIAN_POINT('',(-0.0117910826128373,-0.00610374298191121,0.0033));
#2713=CARTESIAN_POINT('',(-0.0117908163913116,-0.00705374293675609,0.0033));
#2714=CARTESIAN_POINT('',(-0.0117908163913116,-0.00705374293675609,0.00235));
#2715=CARTESIAN_POINT('',(-0.0117905922047706,-0.00785374287393158,0.00235));
#2716=CARTESIAN_POINT('',(-0.0117903680182296,-0.00865374281110707,0.00235));
#2717=CARTESIAN_POINT('',(-0.0117903680182296,-0.00865374281110707,0.0033));
#2718=CARTESIAN_POINT('',(-0.0117901017967018,-0.00960374277380502,0.0033));
#2719=CARTESIAN_POINT('',(-0.011790101796704,-0.00960374276595195,0.0036));
#2720=CARTESIAN_POINT('',(0.0100375441118446,-0.00609762587603105,0.0036));
#2721=CARTESIAN_POINT('',(0.0100375441118446,-0.00609762587603105,0.0033));
#2722=CARTESIAN_POINT('',(0.0100378103333702,-0.00704762583087593,0.0033));
#2723=CARTESIAN_POINT('',(0.0100378103333702,-0.00704762583087593,0.00235));
#2724=CARTESIAN_POINT('',(0.0100380345199112,-0.00784762576805143,0.00235));
#2725=CARTESIAN_POINT('',(0.0100382587064522,-0.00864762570522691,0.00235));
#2726=CARTESIAN_POINT('',(0.0100382587064522,-0.00864762570522691,0.0033));
#2727=CARTESIAN_POINT('',(0.0100385249279801,-0.00959762566792485,0.0033));
#2728=CARTESIAN_POINT('',(0.0100385249279779,-0.00959762566007179,0.0036));
#2729=CARTESIAN_POINT('',(0.00970033734347056,-0.0153223362500298,0.003602));
#2730=CARTESIAN_POINT('',(0.00905511594035321,-0.0166412591549659,0.003602));
#2731=CARTESIAN_POINT('',(0.00905511594035321,-0.0166412591549659,0.0004));
#2732=CARTESIAN_POINT('',(0.00970033734347056,-0.0153223362500298,0.0004));
#2733=CARTESIAN_POINT('',(0.0110236002273811,-0.0146860630160569,0.0004));
#2734=CARTESIAN_POINT('',(0.0110236002273811,-0.0146860630160569,0.003602));
#2735=CARTESIAN_POINT('',(-0.0114801968455624,-0.0153223362500298,0.003602));
#2736=CARTESIAN_POINT('',(-0.0127973439830867,-0.0146734975132723,0.003602));
#2737=CARTESIAN_POINT('',(-0.0127973439830867,-0.0146734975132723,0.0004));
#2738=CARTESIAN_POINT('',(-0.0114801968455624,-0.0153223362500298,0.0004));
#2739=CARTESIAN_POINT('',(-0.0108380952246915,-0.0166427807951284,0.0004));
#2740=CARTESIAN_POINT('',(-0.0108380952246915,-0.0166427807951284,0.003602));
#2741=CARTESIAN_POINT('',(-0.0114424008550716,0.0219036225326076,0.003602));
#2742=CARTESIAN_POINT('',(-0.0108017161784432,0.0232247551653661,0.003602));
#2743=CARTESIAN_POINT('',(-0.0108017161784432,0.0232247551653661,0.0004));
#2744=CARTESIAN_POINT('',(-0.0114424008550716,0.0219036225326076,0.0004));
#2745=CARTESIAN_POINT('',(-0.0127692199810633,0.0212747987933069,0.0004));
#2746=CARTESIAN_POINT('',(-0.0127692199810633,0.0212747987933069,0.003602));
#2747=CARTESIAN_POINT('',(0.00968990539398346,0.0219036225326076,0.003602));
#2748=CARTESIAN_POINT('',(0.0110137234257055,0.0212685051362994,0.003602));
#2749=CARTESIAN_POINT('',(0.0110137234257055,0.0212685051362994,0.0004));
#2750=CARTESIAN_POINT('',(0.00968990539398346,0.0219036225326076,0.0004));
#2751=CARTESIAN_POINT('',(0.00905267540452284,0.0232264249474594,0.0004));
#2752=CARTESIAN_POINT('',(0.00905267540452284,0.0232264249474594,0.003602));
#2753=CARTESIAN_POINT('',(0.0155217574425977,0.0191057223680718,0.003602));
#2754=CARTESIAN_POINT('',(0.0155217574425977,0.0191057223680718,0.0004));
#2755=CARTESIAN_POINT('',(-0.00861997499715315,0.0277236445191803,0.009552));
#2756=CARTESIAN_POINT('',(-0.00861997499715315,0.0277236445191803,0.0004));
#2757=CARTESIAN_POINT('',(0.00688269856462768,0.0277310004562414,0.003602));
#2758=CARTESIAN_POINT('',(0.00688269856462768,0.0277310004562414,0.0004));
#2759=CARTESIAN_POINT('',(-0.0172874737069578,0.0191334479886883,0.009552));
#2760=CARTESIAN_POINT('',(-0.0172874737069578,0.0191334479886883,0.0004));
#2761=CARTESIAN_POINT('',(-0.0172826614201729,-0.0124639890863658,0.003602));
#2762=CARTESIAN_POINT('',(-0.0172826614201729,-0.0124639890863658,0.0004));
#2763=CARTESIAN_POINT('',(-0.00865152888413312,-0.0211393269850766,0.003602));
#2764=CARTESIAN_POINT('',(-0.00865152888413312,-0.0211393269850766,0.0004));
#2765=CARTESIAN_POINT('',(0.00685792571935554,-0.0211326236617447,0.009552));
#2766=CARTESIAN_POINT('',(0.00685792571935554,-0.0211326236617447,0.0004));
#2767=CARTESIAN_POINT('',(0.0155297437841357,-0.0125193442419842,0.009552));
#2768=CARTESIAN_POINT('',(0.0155297437841357,-0.0125193442419842,0.0004));
#2769=CARTESIAN_POINT('',(9.21299841902692E-6,-0.0157431726601594,0.0004));
#2770=CARTESIAN_POINT('',(0.00647327109422337,-0.0161393899233501,0.0004));
#2771=CARTESIAN_POINT('',(0.00647327109422337,-0.0161393899233501,0.000188619380147517));
#2772=CARTESIAN_POINT('',(0.00647396973710484,-0.0159480608145083,1.21005536768239E-16));
#2773=CARTESIAN_POINT('',(0.00647477692206443,-0.0157393889736377,-3.60968384374902E-19));
#2774=CARTESIAN_POINT('',(-0.00825336467865781,-0.0157480079698343,0.0004));
#2775=CARTESIAN_POINT('',(-0.00825549128534352,-0.0121140622433091,0.0004));
#2776=CARTESIAN_POINT('',(-0.00841479931678801,-0.015744518451686,0.0004));
#2777=CARTESIAN_POINT('',(0.00650511213213793,-0.0121053952501702,0.0004));
#2778=CARTESIAN_POINT('',(0.00664703707714268,-0.0157367431978551,0.0004));
#2779=CARTESIAN_POINT('',(-0.00865152888413312,-0.0211393269850766,0.0004));
#2780=CARTESIAN_POINT('',(-0.0110130205319362,-0.0162830570999326,0.0004));
#2781=CARTESIAN_POINT('',(0.00685792571935554,-0.0211326236617447,0.0004));
#2782=CARTESIAN_POINT('',(0.00923089115803302,-0.0162819499944236,0.0004));
#2783=CARTESIAN_POINT('',(-0.0114801968455624,-0.0153223362500298,0.0004));
#2784=CARTESIAN_POINT('',(-0.0124385185881198,-0.0148502581874248,0.0004));
#2785=CARTESIAN_POINT('',(0.00970033734347056,-0.0153223362500298,0.0004));
#2786=CARTESIAN_POINT('',(0.0106631087428407,-0.0148594005179827,0.0004));
#2787=CARTESIAN_POINT('',(-0.0172826614201729,-0.0124639890863658,0.0004));
#2788=CARTESIAN_POINT('',(-0.0118867139472559,-0.012254822001189,0.0004));
#2789=CARTESIAN_POINT('',(0.0155297437841357,-0.0125193442419842,0.0004));
#2790=CARTESIAN_POINT('',(0.0101354154914808,-0.0122719128958235,0.0004));
#2791=CARTESIAN_POINT('',(-0.00825549128534352,-0.0121140622433091,0.0004));
#2792=CARTESIAN_POINT('',(-0.0118894069949895,-0.0120983159735076,0.0004));
#2793=CARTESIAN_POINT('',(0.00650511213213793,-0.0121053952501702,0.0004));
#2794=CARTESIAN_POINT('',(0.0101392323241554,-0.012104376849046,0.0004));
#2795=CARTESIAN_POINT('',(-0.0118927921542322,-3.33275518134112E-6,0.0004));
#2796=CARTESIAN_POINT('',(-0.0118980322375558,0.0186956770573375,0.0004));
#2797=CARTESIAN_POINT('',(0.0101358345625966,2.84039733627907E-6,0.0004));
#2798=CARTESIAN_POINT('',(0.0101305984429565,0.0186877059771846,0.0004));
#2799=CARTESIAN_POINT('',(-0.008264075118805,0.0186966954127631,0.0004));
#2800=CARTESIAN_POINT('',(-0.0118937881079513,0.0188723816004441,0.0004));
#2801=CARTESIAN_POINT('',(0.00649667827694395,0.0187052935288539,0.0004));
#2802=CARTESIAN_POINT('',(0.0101270647201099,0.0188663681745901,0.0004));
#2803=CARTESIAN_POINT('',(-0.0172874737069578,0.0191334479886883,0.0004));
#2804=CARTESIAN_POINT('',(-0.0124077596829918,0.0214461068576765,0.0004));
#2805=CARTESIAN_POINT('',(0.0155217574425977,0.0191057223680718,0.0004));
#2806=CARTESIAN_POINT('',(0.0106530807043541,0.0214415277577576,0.0004));
#2807=CARTESIAN_POINT('',(-0.0114424008550716,0.0219036225326076,0.0004));
#2808=CARTESIAN_POINT('',(-0.0109762554729464,0.0228648440170609,0.0004));
#2809=CARTESIAN_POINT('',(0.00968990539398346,0.0219036225326076,0.0004));
#2810=CARTESIAN_POINT('',(0.00922627355171445,0.0228660589067568,0.0004));
#2811=CARTESIAN_POINT('',(-0.00861997499715315,0.0277236445191803,0.0004));
#2812=CARTESIAN_POINT('',(-0.00840723785274118,0.0223278366179122,0.0004));
#2813=CARTESIAN_POINT('',(0.00688269856462768,0.0277310004562414,0.0004));
#2814=CARTESIAN_POINT('',(0.00665195700563669,0.0223359324925403,0.0004));
#2815=CARTESIAN_POINT('',(-0.008264075118805,0.0186966954127631,0.0004));
#2816=CARTESIAN_POINT('',(-0.00824657901621057,0.0223306155971527,0.0004));
#2817=CARTESIAN_POINT('',(0.00649667827694395,0.0187052935288539,0.0004));
#2818=CARTESIAN_POINT('',(0.00649455168720124,0.0223392509097044,0.0004));
#2819=CARTESIAN_POINT('',(-1.30706859491363E-5,0.0223354390947183,0.0004));
#2820=CARTESIAN_POINT('',(-0.011464361511029,0.0219083885969986,0.025));
#2821=CARTESIAN_POINT('',(0.00970953793454504,0.0219044021237,0.025));
#2822=CARTESIAN_POINT('',(-0.0114801968455624,-0.0153223362500298,0.025));
#2823=CARTESIAN_POINT('',(0.00970033734347056,-0.0153223362500298,0.025));
#2824=MECHANICAL_DESIGN_GEOMETRIC_PRESENTATION_REPRESENTATION('',(#1557),
#2825);
#2825=(
GEOMETRIC_REPRESENTATION_CONTEXT(3)
GLOBAL_UNCERTAINTY_ASSIGNED_CONTEXT((#2826))
GLOBAL_UNIT_ASSIGNED_CONTEXT((#2829,#2828,#2827))
REPRESENTATION_CONTEXT('Part 1','TOP_LEVEL_ASSEMBLY_PART')
);
#2826=UNCERTAINTY_MEASURE_WITH_UNIT(LENGTH_MEASURE(2.E-5),#2829,
'DISTANCE_ACCURACY_VALUE','Maximum Tolerance applied to model');
#2827=(
NAMED_UNIT(*)
SI_UNIT($,.STERADIAN.)
SOLID_ANGLE_UNIT()
);
#2828=(
NAMED_UNIT(*)
PLANE_ANGLE_UNIT()
SI_UNIT($,.RADIAN.)
);
#2829=(
LENGTH_UNIT()
NAMED_UNIT(*)
SI_UNIT($,.METRE.)
);
#2830=PRODUCT_DEFINITION_SHAPE('','',#2831);
#2831=PRODUCT_DEFINITION('','',#2833,#2832);
#2832=PRODUCT_DEFINITION_CONTEXT('',#2839,'design');
#2833=PRODUCT_DEFINITION_FORMATION_WITH_SPECIFIED_SOURCE('','',#2835,
 .NOT_KNOWN.);
#2834=PRODUCT_RELATED_PRODUCT_CATEGORY('','',(#2835));
#2835=PRODUCT('Part 1','Part 1','Part 1',(#2837));
#2836=PRODUCT_CATEGORY('','');
#2837=PRODUCT_CONTEXT('',#2839,'mechanical');
#2838=APPLICATION_PROTOCOL_DEFINITION('international standard',
'ap242_managed_model_based_3d_engineering',2020,#2839);
#2839=APPLICATION_CONTEXT('managed model based 3d engineering');
ENDSEC;
END-ISO-10303-21;
